ID,TYPE,PARENT,NAME,SOURCE,TARGET,REFERENCE_MODEL_ID,TERM_ID,LABEL,,PROPERTIES:,Title,Possible Actions,Indicator Type,PRI Principle,Indicator
752ea747-341c-4f13-b5b4-024ad3547148,Layer,,UN Principles for Responsible Investment,,,,,,,,,,,,
7490749e-226e-4cc9-a073-1a956840298c,Object,752ea747-341c-4f13-b5b4-024ad3547148,UN PRI,,,,,,,,,,,,
0c8b12f9-2c0f-48f5-a74c-6d8824b270d2,Group,7490749e-226e-4cc9-a073-1a956840298c,Principle 1,,,,,,,,We will incorporate ESG issues into investment analysis and decision-making processes.,"Address ESG issues in investment policy statements.
Support development of ESG-related tools, metrics, and analyses.
Assess the capabilities of internal investment managers to incorporate ESG issues.
Assess the capabilities of external investment managers to incorporate ESG issues.
Ask investment service providers (such as financial analysts, consultants, brokers, research firms, or rating companies) to integrate ESG factors into evolving research and analysis.
Encourage academic and other research on this theme.
Advocate ESG training for investment professionals.",,,
951bb55e-99bf-452f-9549-b29f0b21d750,Attribute,0c8b12f9-2c0f-48f5-a74c-6d8824b270d2,We will incorporate ESG issues into investment analysis and decision-making processes.,,,,,,,,,"Address ESG issues in investment policy statements.
Support development of ESG-related tools, metrics, and analyses.
Assess the capabilities of internal investment managers to incorporate ESG issues.
Assess the capabilities of external investment managers to incorporate ESG issues.
Ask investment service providers (such as financial analysts, consultants, brokers, research firms, or rating companies) to integrate ESG factors into evolving research and analysis.
Encourage academic and other research on this theme.
Advocate ESG training for investment professionals.",,,
d9c2da26-8340-4141-a878-0f0ad6b86f4d,Group,7490749e-226e-4cc9-a073-1a956840298c,Principle 2,,,,,,,,We will be active owners and incorporate ESG issues into our ownership policies and practices.,"Develop and disclose an active ownership policy consistent with the Principles.
Exercise voting rights or monitor compliance with voting policy (if outsourced).
Develop an engagement capability (either directly or through outsourcing).
Participate in the development of policy, regulation, and standard setting (such as promoting and protecting shareholder rights).
File shareholder resolutions consistent with long-term ESG considerations.
Engage with companies on ESG issues.
Participate in collaborative engagement initiatives.
Ask investment managers to undertake and report on ESG-related engagement.",,,
5233b6fd-7569-4ed8-be11-361c16d163a2,Attribute,d9c2da26-8340-4141-a878-0f0ad6b86f4d,We will be active owners and incorporate ESG issues into our ownership policies and practices.,,,,,,,,,"Develop and disclose an active ownership policy consistent with the Principles.
Exercise voting rights or monitor compliance with voting policy (if outsourced).
Develop an engagement capability (either directly or through outsourcing).
Participate in the development of policy, regulation, and standard setting (such as promoting and protecting shareholder rights).
File shareholder resolutions consistent with long-term ESG considerations.
Engage with companies on ESG issues.
Participate in collaborative engagement initiatives.
Ask investment managers to undertake and report on ESG-related engagement.",,,
70ad4f2e-d041-49bb-b57b-7e74e446c303,Group,7490749e-226e-4cc9-a073-1a956840298c,Principle 3,,,,,,,,We will seek appropriate disclosure on ESG issues by the entities in which we invest.,"Ask for standardised reporting on ESG issues (using tools such as the Global Reporting Initiative).
Ask for ESG issues to be integrated within annual financial reports.
Ask for information from companies regarding adoption of/adherence to relevant norms, standards, codes of conduct or international initiatives (such as the UN Global Compact).
Support shareholder initiatives and resolutions promoting ESG disclosure.",,,
ba3da1db-e0e6-427e-9692-14d8d9d2a747,Attribute,70ad4f2e-d041-49bb-b57b-7e74e446c303,We will seek appropriate disclosure on ESG issues by the entities in which we invest.,,,,,,,,,"Ask for standardised reporting on ESG issues (using tools such as the Global Reporting Initiative).
Ask for ESG issues to be integrated within annual financial reports.
Ask for information from companies regarding adoption of/adherence to relevant norms, standards, codes of conduct or international initiatives (such as the UN Global Compact).
Support shareholder initiatives and resolutions promoting ESG disclosure.",,,
5c430cce-a5fc-4cb5-bfa6-949da72e90da,Group,7490749e-226e-4cc9-a073-1a956840298c,Principle 4,,,,,,,,We will promote acceptance and implementation of the Principles within the investment industry.,"Include Principles-related requirements in requests for proposals (RFPs).
Align investment mandates, monitoring procedures, performance indicators and incentive structures accordingly (for example, ensure investment management processes reflect long-term time horizons when appropriate).
Communicate ESG expectations to investment service providers.
Revisit relationships with service providers that fail to meet ESG expectations.
Support the development of tools for benchmarking ESG integration.
Support regulatory or policy developments that enable implementation of the Principles.",,,
dc675cb5-53c5-4858-8c92-86618a203fd3,Attribute,5c430cce-a5fc-4cb5-bfa6-949da72e90da,We will promote acceptance and implementation of the Principles within the investment industry.,,,,,,,,,"Include Principles-related requirements in requests for proposals (RFPs).
Align investment mandates, monitoring procedures, performance indicators and incentive structures accordingly (for example, ensure investment management processes reflect long-term time horizons when appropriate).
Communicate ESG expectations to investment service providers.
Revisit relationships with service providers that fail to meet ESG expectations.
Support the development of tools for benchmarking ESG integration.
Support regulatory or policy developments that enable implementation of the Principles.",,,
28fbf912-63d9-4549-bc03-e5fc5731447c,Group,7490749e-226e-4cc9-a073-1a956840298c,Principle 5,,,,,,,,We will work together to enhance our effectiveness in implementing the Principles.,"Support/participate in networks and information platforms to share tools, pool resources, and make use of investor reporting as a source of learning.
Collectively address relevant emerging issues.
Develop or support appropriate collaborative initiatives.",,,
7fcf7065-9e2b-44f0-bc5f-421ffb3fd6e3,Attribute,28fbf912-63d9-4549-bc03-e5fc5731447c,We will work together to enhance our effectiveness in implementing the Principles.,,,,,,,,,"Support/participate in networks and information platforms to share tools, pool resources, and make use of investor reporting as a source of learning.
Collectively address relevant emerging issues.
Develop or support appropriate collaborative initiatives.",,,
2f14f36b-b7a2-4334-b027-cdf04f5ce150,Group,7490749e-226e-4cc9-a073-1a956840298c,Principle 6,,,,,,,,We will each report on our activities and progress towards implementing the Principles.,"Disclose how ESG issues are integrated within investment practices.
Disclose active ownership activities (voting, engagement, and/or policy dialogue).
Disclose what is required from service providers in relation to the Principles.
Communicate with beneficiaries about ESG issues and the Principles.
Report on progress and/or achievements relating to the Principles using a comply-or-explain approach.
Seek to determine the impact of the Principles.
Make use of reporting to raise awareness among a broader group of stakeholders",,,
f25fe6f4-eb33-4b50-b81e-87f0045ef4fe,Attribute,2f14f36b-b7a2-4334-b027-cdf04f5ce150,We will each report on our activities and progress towards implementing the Principles.,,,,,,,,,"Disclose how ESG issues are integrated within investment practices.
Disclose active ownership activities (voting, engagement, and/or policy dialogue).
Disclose what is required from service providers in relation to the Principles.
Communicate with beneficiaries about ESG issues and the Principles.
Report on progress and/or achievements relating to the Principles using a comply-or-explain approach.
Seek to determine the impact of the Principles.
Make use of reporting to raise awareness among a broader group of stakeholders",,,
ef8fc864-9250-4e40-9ed9-ea6ade52fe74,Layer,,PRI Investor Reporting Framework,,,,,,,,,,,,
f2e1bd08-afc6-4636-b47e-a5d7f2174262,Object,ef8fc864-9250-4e40-9ed9-ea6ade52fe74,Senior Leadership Statement,,,,,,,,,,,,
8b0e0ba0-b6d5-4b8f-9949-a60601e8e71a,Group,f2e1bd08-afc6-4636-b47e-a5d7f2174262,Senior Leadership Statement,,,,,,,,,,,,
d61c09db-747a-4a88-841b-c71964ce44be,Group,8b0e0ba0-b6d5-4b8f-9949-a60601e8e71a,SLS1,,,,,,,,,,Core,General,
b17b7853-63b2-4d60-8228-7b1198ad51a1,Attribute,d61c09db-747a-4a88-841b-c71964ce44be,Section 1. Our commitment,,,,,,,,,,Core,General,Our commitment
c84e4ed5-d5e6-4851-bf6b-8e6af5a00270,Attribute,d61c09db-747a-4a88-841b-c71964ce44be,Section 2. Annual overview,,,,,,,,,,Core,General,Annual overview
cd05637a-2837-44f7-af41-c37418aa2579,Attribute,d61c09db-747a-4a88-841b-c71964ce44be,Section 3. Next steps,,,,,,,,,,Core,General,Next steps
4b8d60dc-23a8-4fe2-9bff-e9a395b3e736,Attribute,d61c09db-747a-4a88-841b-c71964ce44be,Section 4. Endorsement,,,,,,,,,,Core,General,Endorsement
159382b7-8ca9-4ba3-a2d1-46dd79ba979e,Object,ef8fc864-9250-4e40-9ed9-ea6ade52fe74,Organisational Overview,,,,,,,,,,,,
c093c43c-8180-4ca3-a8b3-721bbadad3bd,Group,159382b7-8ca9-4ba3-a2d1-46dd79ba979e,Organisational information,,,,,,,,,,,,
7386e209-6dd4-444f-962f-be06babdb37b,Group,c093c43c-8180-4ca3-a8b3-721bbadad3bd,Categorisation,,,,,,,,,,,,
9dfc09db-afe9-46c3-8b4e-7257f27f8dfe,Group,7386e209-6dd4-444f-962f-be06babdb37b,OO 1,,,,,,,,,,,,
26d6b7f4-cd0d-466c-b6cb-922895763d73,Attribute,9dfc09db-afe9-46c3-8b4e-7257f27f8dfe,OO 1.1,,,,,,,,,,,,
ab4bab00-d088-4f54-9bce-7227c1054c47,Attribute,9dfc09db-afe9-46c3-8b4e-7257f27f8dfe,OO 1.2,,,,,,,,,,,,
64098d42-2ae7-46e2-b17a-e217292b86d5,Group,c093c43c-8180-4ca3-a8b3-721bbadad3bd,Subsidiary information,,,,,,,,,,,,
c4d8c140-452d-43d9-ae6b-571e36217038,Group,64098d42-2ae7-46e2-b17a-e217292b86d5,OO 2,,,,,,,,,,,,
262a1ce6-5305-4662-b891-0cff1fd96505,Attribute,c4d8c140-452d-43d9-ae6b-571e36217038,OO 2.1,,,,,,,,,,,,
0c06ee09-976f-410b-ad1f-d9715efc3173,Attribute,c4d8c140-452d-43d9-ae6b-571e36217038,OO 2.2,,,,,,,,,,,,
30a16d04-3d1b-43a6-bb75-6ef6fefd1029,Group,c093c43c-8180-4ca3-a8b3-721bbadad3bd,Reporting year,,,,,,,,,,,,
940c671a-37dd-4f52-8288-54fe016c1ab4,Attribute,30a16d04-3d1b-43a6-bb75-6ef6fefd1029,OO 3,,,,,,,,,,,,
2dfb1e27-6c11-4ffb-b0c1-ba38fba74790,Group,159382b7-8ca9-4ba3-a2d1-46dd79ba979e,Assets under management,,,,,,,,,,,,
6dcaa533-d363-4764-9769-34aeefec7f65,Group,2dfb1e27-6c11-4ffb-b0c1-ba38fba74790,All asset classes,,,,,,,,,,,,
d34f25df-36e9-495c-8131-9f3ff95ede30,Group,6dcaa533-d363-4764-9769-34aeefec7f65,OO 4,,,,,,,,,,,,
431dd3c3-1c9b-4229-841a-12c062f86346,Attribute,d34f25df-36e9-495c-8131-9f3ff95ede30,OO 4.1,,,,,,,,,,,,
b8b6610a-98a2-4d4d-a14d-96f3aa98de2c,Attribute,d34f25df-36e9-495c-8131-9f3ff95ede30,OO 4.2,,,,,,,,,,,,
96961c41-bc41-4111-b046-364b0f03b267,Group,2dfb1e27-6c11-4ffb-b0c1-ba38fba74790,Asset breakdown,,,,,,,,,,,,
e5a18f09-9dc2-4401-a960-b1d4295b0e67,Group,96961c41-bc41-4111-b046-364b0f03b267,OO 5,,,,,,,,,,,,
3649d93c-6de4-4307-9ebf-e3dd2cf38554,Attribute,e5a18f09-9dc2-4401-a960-b1d4295b0e67,OO 5.1,,,,,,,,,,,,
342ee974-93c6-42f1-bd7c-2435b48b9027,Attribute,e5a18f09-9dc2-4401-a960-b1d4295b0e67,OO 5.2 LE,,,,,,,,,,,,
8d026214-ee4d-413c-bec4-b8b815362f93,Attribute,e5a18f09-9dc2-4401-a960-b1d4295b0e67,OO 5.2 FI,,,,,,,,,,,,
c3acfe68-c8d1-42d5-8671-3fbfb6af9594,Attribute,e5a18f09-9dc2-4401-a960-b1d4295b0e67,OO 5.2 PE,,,,,,,,,,,,
2da26563-c409-46a9-a78a-b7391359699f,Attribute,e5a18f09-9dc2-4401-a960-b1d4295b0e67,OO 5.2 RE,,,,,,,,,,,,
66de378f-05d2-497a-8390-247f0a0b1f25,Attribute,e5a18f09-9dc2-4401-a960-b1d4295b0e67,OO 5.2 INF,,,,,,,,,,,,
10c3d03b-60e4-40a9-9652-2015874af9b1,Attribute,e5a18f09-9dc2-4401-a960-b1d4295b0e67,OO 5.2 HF,,,,,,,,,,,,
a2de3391-12a3-445a-ae5f-d5e6276c6373,Attribute,e5a18f09-9dc2-4401-a960-b1d4295b0e67,OO 5.2 OBS,,,,,,,,,,,,
db4fd8a0-bf98-4f49-8a0a-2e082619839a,Group,159382b7-8ca9-4ba3-a2d1-46dd79ba979e,ESG strategies,,,,,,,,,,,,
cc426e05-5458-43f0-b31b-fb454a1f857a,Group,db4fd8a0-bf98-4f49-8a0a-2e082619839a,Listed equity,,,,,,,,,,,,
95a333a2-7ce4-4979-9d05-9840d0f36f7d,Group,cc426e05-5458-43f0-b31b-fb454a1f857a,OO 6 LE,,,,,,,,,,,,
062f1fe8-ade0-47ad-961c-80ea2c305d57,Attribute,95a333a2-7ce4-4979-9d05-9840d0f36f7d,OO 6.1 LE,,,,,,,,,,,,
3532f7f2-dfc0-474e-817b-cf6fcf805ee9,Group,db4fd8a0-bf98-4f49-8a0a-2e082619839a,Fixed income,,,,,,,,,,,,
60deab68-f4d9-4e66-bbbe-9f2f800d674e,Group,3532f7f2-dfc0-474e-817b-cf6fcf805ee9,OO 6 FI,,,,,,,,,,,,
0f49b33b-ea3b-4a9b-b7b6-bdc134e673c9,Attribute,60deab68-f4d9-4e66-bbbe-9f2f800d674e,OO 6.1 FI,,,,,,,,,,,,
63629e73-c19c-4143-805a-529da56cc617,Group,db4fd8a0-bf98-4f49-8a0a-2e082619839a,Externally managed assets,,,,,,,,,,,,
d3bcf013-3a86-4289-8709-6f0842355367,Group,63629e73-c19c-4143-805a-529da56cc617,OO 6 SAM,,,,,,,,,,,,
9388d440-877d-4592-8914-5b2eacdac8c3,Attribute,d3bcf013-3a86-4289-8709-6f0842355367,OO 6.1 SAM,,,,,,,,,,,,
9f0c72c4-3f54-4f48-9d3e-958e9c6bf190,Group,db4fd8a0-bf98-4f49-8a0a-2e082619839a,Hedge funds,,,,,,,,,,,,
99b749af-5770-4d17-b159-6924e877661b,Attribute,9f0c72c4-3f54-4f48-9d3e-958e9c6bf190,OO 6 HF,,,,,,,,,,,,
67ee4896-7924-4905-93ef-1852d30fe66c,Group,159382b7-8ca9-4ba3-a2d1-46dd79ba979e,Externally managed assets,,,,,,,,,,,,
c78f7c9d-095a-4db6-8c0b-64a2a9b83c84,Group,67ee4896-7924-4905-93ef-1852d30fe66c,Captive relationships,,,,,,,,,,,,
5982aaac-d23b-46b1-a0e0-d00c5ae1407e,Group,c78f7c9d-095a-4db6-8c0b-64a2a9b83c84,OO 7,,,,,,,,,,,,
32142674-8b1b-4ebd-b091-42b7a845d4e0,Attribute,5982aaac-d23b-46b1-a0e0-d00c5ae1407e,OO 7.1,,,,,,,,,,,,
d7437c03-62c9-428b-ac10-124d0f5c0134,Attribute,5982aaac-d23b-46b1-a0e0-d00c5ae1407e,OO 7.2,,,,,,,,,,,,
cf3d103e-cc95-4fa1-8c98-55f8c5bc1430,Group,67ee4896-7924-4905-93ef-1852d30fe66c,Investment consultants,,,,,,,,,,,,
16b7d1f5-71f1-4abd-8175-0457345469e0,Attribute,cf3d103e-cc95-4fa1-8c98-55f8c5bc1430,OO 8,,,,,,,,,,,,
df62da08-3ea3-471b-8c99-fd3a9f27ad21,Group,159382b7-8ca9-4ba3-a2d1-46dd79ba979e,Stewardship,,,,,,,,,,,,
999eec9d-87c9-4727-981d-dd782b3c1fca,Group,df62da08-3ea3-471b-8c99-fd3a9f27ad21,Listed equity,,,,,,,,,,,,
22e87908-e825-4be3-8a4f-119e9749a57c,Attribute,999eec9d-87c9-4727-981d-dd782b3c1fca,OO 9 LE,,,,,,,,,,,,
02dbebc2-6b8a-4e0e-9135-d806b05d0f69,Group,df62da08-3ea3-471b-8c99-fd3a9f27ad21,Fixed income,,,,,,,,,,,,
0a9371c1-83ea-4bf9-a17f-858ad4b03754,Attribute,02dbebc2-6b8a-4e0e-9135-d806b05d0f69,OO 9 FI,,,,,,,,,,,,
f169c814-830c-4fd5-92fe-8a93bc258cf4,Group,df62da08-3ea3-471b-8c99-fd3a9f27ad21,"Private equity, real estate and infrastructure",,,,,,,,,,,,
3c45d8ef-c36b-43e8-b03e-b67658144f36,Attribute,f169c814-830c-4fd5-92fe-8a93bc258cf4,OO 9 ALT,,,,,,,,,,,,
d51f152e-751c-4418-bbe1-894c88479d79,Group,df62da08-3ea3-471b-8c99-fd3a9f27ad21,Hedge funds,,,,,,,,,,,,
58cb4396-14da-463c-b644-8067c21f6246,Attribute,d51f152e-751c-4418-bbe1-894c88479d79,OO 9 HF,,,,,,,,,,,,
75dd5ee3-0c8c-46ac-b709-489e62bfc660,Group,159382b7-8ca9-4ba3-a2d1-46dd79ba979e,ESG incorporation,,,,,,,,,,,,
dce9f9e6-249f-433a-8b33-b95726ef7b1c,Group,75dd5ee3-0c8c-46ac-b709-489e62bfc660,Internally managed assets,,,,,,,,,,,,
a0c129ad-fdc6-4377-8144-38dda813d19e,Attribute,dce9f9e6-249f-433a-8b33-b95726ef7b1c,OO 10,,,,,,,,,,,,
bd294d85-e6e3-4be5-b40f-99159cb4ad84,Group,75dd5ee3-0c8c-46ac-b709-489e62bfc660,External manager selection,,,,,,,,,,,,
55dbb828-784f-4cce-8202-246dbcc5a7a3,Attribute,bd294d85-e6e3-4be5-b40f-99159cb4ad84,OO 11,,,,,,,,,,,,
7844fbc6-e54c-457b-8ea6-0e3c4bf08cc5,Group,75dd5ee3-0c8c-46ac-b709-489e62bfc660,External manager appointment,,,,,,,,,,,,
79308ee3-037e-45c0-bd34-3385af7b3e54,Attribute,7844fbc6-e54c-457b-8ea6-0e3c4bf08cc5,OO 12,,,,,,,,,,,,
eb3f37c0-a30d-4cb5-be86-679ca95f0d36,Group,75dd5ee3-0c8c-46ac-b709-489e62bfc660,External manager monitoring,,,,,,,,,,,,
83062356-0505-4d61-9ec1-463795281bec,Attribute,eb3f37c0-a30d-4cb5-be86-679ca95f0d36,OO 13,,,,,,,,,,,,
8a83697a-af64-485d-ab4b-d0d8fb0f2e2e,Group,159382b7-8ca9-4ba3-a2d1-46dd79ba979e,Voluntary reporting,,,,,,,,,,,,
71f74209-1774-430c-93c2-d2c1102bd677,Group,8a83697a-af64-485d-ab4b-d0d8fb0f2e2e,Voluntary modules,,,,,,,,,,,,
8cac46ae-2018-4f76-a912-8c58eea0d09a,Attribute,71f74209-1774-430c-93c2-d2c1102bd677,OO 14,,,,,,,,,,,,
d381384f-4cfd-4bcd-9361-24fcecd99ff8,Group,8a83697a-af64-485d-ab4b-d0d8fb0f2e2e,Pooled funds governance: Appointment,,,,,,,,,,,,
47848ba1-5d4e-4d05-b27a-6d19b8d58257,Attribute,d381384f-4cfd-4bcd-9361-24fcecd99ff8,OO 15,,,,,,,,,,,,
aa12f5a6-75e3-4fd5-9506-dd9e5c0c2fec,Group,159382b7-8ca9-4ba3-a2d1-46dd79ba979e,ESG/sustainability funds and products,,,,,,,,,,,,
7a87ca86-481c-403e-9f2f-5ac362d1e52e,Group,aa12f5a6-75e3-4fd5-9506-dd9e5c0c2fec,Labelling and marketing,,,,,,,,,,,,
6e68cf78-bcb9-4fae-936b-7f471211126a,Group,7a87ca86-481c-403e-9f2f-5ac362d1e52e,OO 16,,,,,,,,,,,,
c78c3294-59fd-4a72-8f9b-0871ec02ac00,Attribute,6e68cf78-bcb9-4fae-936b-7f471211126a,OO 16.1,,,,,,,,,,,,
2080f4dc-d5c4-4ae1-aada-ddcf950473bb,Group,159382b7-8ca9-4ba3-a2d1-46dd79ba979e,Climate investments,,,,,,,,,,,,
4c32c7d0-d7b6-468e-b718-ca3a3c524e8a,Group,2080f4dc-d5c4-4ae1-aada-ddcf950473bb,Asset breakdown,,,,,,,,,,,,
539c22f8-411d-49fb-8fc7-8ce6cf1fa6f0,Attribute,4c32c7d0-d7b6-468e-b718-ca3a3c524e8a,OO 17,,,,,,,,,,,,
0718f188-903b-4eeb-8751-2cf317a044d1,Group,159382b7-8ca9-4ba3-a2d1-46dd79ba979e,Other asset breakdowns,,,,,,,,,,,,
3c33cb4e-ebcc-4c08-a6f4-8a91705641be,Group,0718f188-903b-4eeb-8751-2cf317a044d1,Geographical breakdown,,,,,,,,,,,,
5718d432-4f10-4bbf-826a-401a418ad04a,Attribute,3c33cb4e-ebcc-4c08-a6f4-8a91705641be,OO 18,,,,,,,,,,,,
8752e48a-c84f-41b4-8c32-200311c2c870,Group,0718f188-903b-4eeb-8751-2cf317a044d1,Management by PRI signatories,,,,,,,,,,,,
6b79bf5d-c998-41e7-9c64-ac5092f92b3d,Attribute,8752e48a-c84f-41b4-8c32-200311c2c870,OO 19,,,,,,,,,,,,
7d710232-b58d-4ffe-8eef-2a1efabb86f1,Group,0718f188-903b-4eeb-8751-2cf317a044d1,Fixed income constraints,,,,,,,,,,,,
8f4d8aa7-0263-40d7-866a-bb210f49ce65,Group,7d710232-b58d-4ffe-8eef-2a1efabb86f1,OO 20,,,,,,,,,,,,
8f282bcd-38fb-49d0-b204-d61c1566cc97,Attribute,8f4d8aa7-0263-40d7-866a-bb210f49ce65,OO 20.1,,,,,,,,,,,,
b4dd2a9e-40d8-484c-bbdb-bdf9539a55c0,Group,0718f188-903b-4eeb-8751-2cf317a044d1,Private equity: Sectors,,,,,,,,,,,,
68e0d7e2-bbb4-4f69-912b-9e81502458ff,Attribute,b4dd2a9e-40d8-484c-bbdb-bdf9539a55c0,OO 21,,,,,,,,,,,,
2fc9f1e9-ba0c-4951-9ffb-776b9504b032,Group,0718f188-903b-4eeb-8751-2cf317a044d1,Private equity: Nature of ownership,,,,,,,,,,,,
995a2f66-8be0-4aa7-8ec7-0794d4a8a459,Attribute,2fc9f1e9-ba0c-4951-9ffb-776b9504b032,OO 22,,,,,,,,,,,,
60f2bc3e-9e18-4ff9-8b92-6219cb744d4b,Group,0718f188-903b-4eeb-8751-2cf317a044d1,Private equity: Ownership level,,,,,,,,,,,,
ac47d7fa-063b-4562-a959-3c2db87af4a5,Attribute,60f2bc3e-9e18-4ff9-8b92-6219cb744d4b,OO 23,,,,,,,,,,,,
bbf5fa5f-7df4-43a2-9a85-277a785ff0e0,Group,0718f188-903b-4eeb-8751-2cf317a044d1,Real estate: Building type,,,,,,,,,,,,
7d577e25-cfe0-47f6-93e2-88895bfc96a6,Attribute,bbf5fa5f-7df4-43a2-9a85-277a785ff0e0,OO 24,,,,,,,,,,,,
ddd2f261-0476-4284-9e18-1493888b6b27,Group,0718f188-903b-4eeb-8751-2cf317a044d1,Real estate: Ownership level,,,,,,,,,,,,
85623358-95a5-4703-a932-afbaf0eedaf7,Attribute,ddd2f261-0476-4284-9e18-1493888b6b27,OO 25,,,,,,,,,,,,
2807f1e3-6233-49ad-9dac-9fd95d2bac86,Group,0718f188-903b-4eeb-8751-2cf317a044d1,Real estate: Management type,,,,,,,,,,,,
aa8cd448-e9e9-4e43-b516-ffcc1faec448,Attribute,2807f1e3-6233-49ad-9dac-9fd95d2bac86,OO 26,,,,,,,,,,,,
21e1a4ba-a7f9-4b48-9c11-6f043fff1b8d,Group,0718f188-903b-4eeb-8751-2cf317a044d1,Infrastructure: Fund strategy,,,,,,,,,,,,
b737f5eb-201b-459e-aede-511efd85267b,Attribute,21e1a4ba-a7f9-4b48-9c11-6f043fff1b8d,OO 27,,,,,,,,,,,,
94b3057e-ff1a-4435-bf2c-c1d54cba08f6,Group,0718f188-903b-4eeb-8751-2cf317a044d1,Infrastructure: Nature of ownership,,,,,,,,,,,,
10e47b41-7c3e-4b51-9d5e-4beaa53cd579,Attribute,94b3057e-ff1a-4435-bf2c-c1d54cba08f6,OO 28,,,,,,,,,,,,
3d4b7592-40dc-47a4-80e6-02c84dbb6c74,Group,0718f188-903b-4eeb-8751-2cf317a044d1,Infrastructure: Ownership level,,,,,,,,,,,,
a69816e3-a569-48ca-9dbd-4274020a58e4,Attribute,3d4b7592-40dc-47a4-80e6-02c84dbb6c74,OO 29,,,,,,,,,,,,
e12500e0-735b-4d17-85e1-b7945766083b,Group,0718f188-903b-4eeb-8751-2cf317a044d1,Infrastructure: Strategy,,,,,,,,,,,,
6bf58296-4b18-415c-b63d-e438355019c0,Attribute,e12500e0-735b-4d17-85e1-b7945766083b,OO 30,,,,,,,,,,,,
23e52ffa-a898-4bc8-9587-19a1b2dee5cc,Group,0718f188-903b-4eeb-8751-2cf317a044d1,Infrastructure: Type of asset,,,,,,,,,,,,
09472a4b-6edb-474e-9401-37ba3d159b15,Attribute,23e52ffa-a898-4bc8-9587-19a1b2dee5cc,OO 31,,,,,,,,,,,,
e4613398-c997-4e1b-b487-ba3c91b9b286,Group,0718f188-903b-4eeb-8751-2cf317a044d1,Infrastructure: Management type,,,,,,,,,,,,
4b0a2119-a59f-4d7c-b898-284a5b67ea79,Attribute,e4613398-c997-4e1b-b487-ba3c91b9b286,OO 32,,,,,,,,,,,,
de8bd894-05d8-49d2-a05c-2de4989943e4,Group,159382b7-8ca9-4ba3-a2d1-46dd79ba979e,Context and explanation,,,,,,,,,,,,
ea5da534-ee4d-43f1-8544-a02788563a9c,Group,de8bd894-05d8-49d2-a05c-2de4989943e4,Appointment: Pooled funds,,,,,,,,,,,,
a11a81da-754a-4e16-bdad-268c54890195,Attribute,ea5da534-ee4d-43f1-8544-a02788563a9c,OO 33,,,,,,,,,,,,
b8abb5d4-1051-45d0-8adc-7a14f92ad01f,Group,de8bd894-05d8-49d2-a05c-2de4989943e4,ESG in other asset classes,,,,,,,,,,,,
c32c89a1-6e6a-4794-a859-041af8d12e2a,Attribute,b8abb5d4-1051-45d0-8adc-7a14f92ad01f,OO 34,,,,,,,,,,,,
ee4c1f90-14ec-4b63-be97-046760f24418,Group,de8bd894-05d8-49d2-a05c-2de4989943e4,ESG not incorporated,,,,,,,,,,,,
4f25b918-e7b2-4be2-89ef-a6f3f3c50de8,Attribute,ee4c1f90-14ec-4b63-be97-046760f24418,OO 35,,,,,,,,,,,,
17ede820-c1db-4be1-b755-033096e32f2a,Group,159382b7-8ca9-4ba3-a2d1-46dd79ba979e,Submission information,,,,,,,,,,,,
45624bd9-4d01-4482-a6b6-51fb784759d7,Group,17ede820-c1db-4be1-b755-033096e32f2a,Headquarters and benchmarking,,,,,,,,,,,,
5a6f1d7e-3d6d-444b-9cb7-28029eea2787,Group,45624bd9-4d01-4482-a6b6-51fb784759d7,OO 36,,,,,,,,,,,,
dd061485-4b15-4951-913e-13c55cfdb37e,Attribute,5a6f1d7e-3d6d-444b-9cb7-28029eea2787,OO 36.1,,,,,,,,,,,,
52e0be2a-119d-44b3-bbb4-4fafc4bc8496,Group,17ede820-c1db-4be1-b755-033096e32f2a,Disclosing asset class mix,,,,,,,,,,,,
f81acb6b-8020-479a-bf5a-504cbd9eea3e,Attribute,52e0be2a-119d-44b3-bbb4-4fafc4bc8496,OO 37,,,,,,,,,,,,
e2848366-c8d3-4677-b276-01dec1ce8544,Group,17ede820-c1db-4be1-b755-033096e32f2a,Report disclosure,,,,,,,,,,,,
38a2f97b-38d7-4d5c-9bbc-2226c0dbf4dc,Attribute,e2848366-c8d3-4677-b276-01dec1ce8544,OO 38,,,,,,,,,,,,
c15220c5-f727-4a8b-97b8-09baec39ea4e,Object,ef8fc864-9250-4e40-9ed9-ea6ade52fe74,Investment and Stewardship Policy,,,,,,,,,,,,
2415ffcb-ce2e-4cc3-ba5c-1aaa7dafa70b,Group,c15220c5-f727-4a8b-97b8-09baec39ea4e,Responsible investment policy & governance,,,,,,,,,,,,
0970cc1b-3afe-4ed6-b5f2-3855a96056aa,Group,2415ffcb-ce2e-4cc3-ba5c-1aaa7dafa70b,Responsible investment policy,,,,,,,,,,,,
8a8a1e42-ae3b-4860-aa1d-e9e19812a97b,Group,0970cc1b-3afe-4ed6-b5f2-3855a96056aa,ISP 1,,,,,,,,,,,,
652e33ac-cd52-46f9-9bb8-06c5dc64824d,Attribute,8a8a1e42-ae3b-4860-aa1d-e9e19812a97b,ISP 1.1,,,,,,,,,,,,
582d6c15-9928-4a02-892f-12f7bf1a6d68,Attribute,8a8a1e42-ae3b-4860-aa1d-e9e19812a97b,ISP 1.2,,,,,,,,,,,,
13e5ebbe-c7b2-4176-93a2-f06a6a5f499a,Attribute,0970cc1b-3afe-4ed6-b5f2-3855a96056aa,ISP 2,,,,,,,,,,,,
52a9c4fe-839a-4387-afff-6aeb5f8ea4e8,Attribute,0970cc1b-3afe-4ed6-b5f2-3855a96056aa,ISP 3,,,,,,,,,,,,
29aa332b-949c-4ef3-93db-5b0d0ae19142,Attribute,0970cc1b-3afe-4ed6-b5f2-3855a96056aa,ISP 4,,,,,,,,,,,,
882da70e-7dfa-44cf-9422-0c9e0b68dc6f,Attribute,0970cc1b-3afe-4ed6-b5f2-3855a96056aa,ISP 5,,,,,,,,,,,,
51b057ba-e22b-46b3-8088-b9e1a54ec189,Group,2415ffcb-ce2e-4cc3-ba5c-1aaa7dafa70b,Governance,,,,,,,,,,,,
dff18447-8ac3-4648-8b49-4ceace3665a7,Attribute,51b057ba-e22b-46b3-8088-b9e1a54ec189,ISP 6,,,,,,,,,,,,
7fbf06e3-0333-4c19-8075-ce72bb4e93a9,Attribute,51b057ba-e22b-46b3-8088-b9e1a54ec189,ISP 7,,,,,,,,,,,,
7718258e-cc46-4353-a4fb-0be16318bb7a,Group,2415ffcb-ce2e-4cc3-ba5c-1aaa7dafa70b,People and capabilities,,,,,,,,,,,,
04f6c929-f5c8-4c13-84df-be574c4c4ce7,Group,7718258e-cc46-4353-a4fb-0be16318bb7a,ISP 8,,,,,,,,,,,,
e9830dc8-37dc-4cb9-86c7-8ab2fb5caa1e,Attribute,04f6c929-f5c8-4c13-84df-be574c4c4ce7,ISP 8.1,,,,,,,,,,,,
6d6fd21e-aca0-4c00-86a2-7a0cc9c9d6ea,Attribute,04f6c929-f5c8-4c13-84df-be574c4c4ce7,ISP 8.2,,,,,,,,,,,,
06fb8cd1-e3e0-4295-8242-aa7df00b745e,Attribute,7718258e-cc46-4353-a4fb-0be16318bb7a,ISP 9,,,,,,,,,,,,
ac8ed656-7321-45e5-b4a4-bde56c0ae318,Group,2415ffcb-ce2e-4cc3-ba5c-1aaa7dafa70b,Strategic asset allocation,,,,,,,,,,,,
73f2f422-7493-4aea-be38-55fff20a0ef1,Group,ac8ed656-7321-45e5-b4a4-bde56c0ae318,ISP 10,,,,,,,,,,,,
250589b8-2ca5-4209-8094-ef3de3878ba1,Attribute,73f2f422-7493-4aea-be38-55fff20a0ef1,ISP 10.1,,,,,,,,,,,,
b9cb10c7-4f2e-49a5-8d47-8e3954f905f4,Group,c15220c5-f727-4a8b-97b8-09baec39ea4e,Stewardship,,,,,,,,,,,,
6d402119-4622-417f-a26a-56c47c19be9c,Group,b9cb10c7-4f2e-49a5-8d47-8e3954f905f4,Stewardship policy,,,,,,,,,,,,
e58ec057-05d6-44df-a3c8-7c41dc8eb13e,Attribute,6d402119-4622-417f-a26a-56c47c19be9c,ISP 11,,,,,,,,,,,,
70766d80-1ba5-4cb5-9800-d294db233a2b,Group,6d402119-4622-417f-a26a-56c47c19be9c,ISP 12,,,,,,,,,,,,
d813ecbe-9f7f-482a-ac17-e35094a1d0d5,Attribute,70766d80-1ba5-4cb5-9800-d294db233a2b,ISP 12.1,,,,,,,,,,,,
13d529e2-9eac-48c4-914b-c348ac6c8eb0,Group,b9cb10c7-4f2e-49a5-8d47-8e3954f905f4,Stewardship policy implementation,,,,,,,,,,,,
b008052a-4a5e-4764-b428-bd02d7e4820e,Attribute,13d529e2-9eac-48c4-914b-c348ac6c8eb0,ISP 13,,,,,,,,,,,,
7ad242cc-fb68-41cf-ae04-6b61af66d5cd,Attribute,13d529e2-9eac-48c4-914b-c348ac6c8eb0,ISP 14,,,,,,,,,,,,
d2da3f7d-abe7-4160-86af-25830956692d,Group,b9cb10c7-4f2e-49a5-8d47-8e3954f905f4,Stewardship objectives,,,,,,,,,,,,
78def7c7-a5e0-425e-9194-d1d5b1f84b7e,Attribute,d2da3f7d-abe7-4160-86af-25830956692d,ISP 15,,,,,,,,,,,,
d0c27be4-a55b-4720-b24a-a8dbde16b289,Group,b9cb10c7-4f2e-49a5-8d47-8e3954f905f4,Stewardship prioritisation,,,,,,,,,,,,
b5e95e9b-a8ad-4d0d-9751-267d35bfde6b,Attribute,d0c27be4-a55b-4720-b24a-a8dbde16b289,ISP 16,,,,,,,,,,,,
a5006fa1-56b2-4cae-8f94-f917b45250be,Group,b9cb10c7-4f2e-49a5-8d47-8e3954f905f4,Stewardship methods,,,,,,,,,,,,
721dd40c-8d4b-4132-ad12-8552bef62e80,Attribute,a5006fa1-56b2-4cae-8f94-f917b45250be,ISP 17,,,,,,,,,,,,
19f30bf6-105e-4e99-bbc7-a03046076607,Group,b9cb10c7-4f2e-49a5-8d47-8e3954f905f4,Collaborative stewardship,,,,,,,,,,,,
7ff88777-c94e-4018-8ae5-58001be70895,Group,19f30bf6-105e-4e99-bbc7-a03046076607,ISP 18,,,,,,,,,,,,
a3ad2979-b8a3-4b80-b5d1-fbc8403c9ee2,Attribute,7ff88777-c94e-4018-8ae5-58001be70895,ISP 18.1,,,,,,,,,,,,
4482e1a5-9099-4d19-af30-9811a60518bd,Group,b9cb10c7-4f2e-49a5-8d47-8e3954f905f4,Escalation strategies,,,,,,,,,,,,
0c05ed40-4213-41bb-b3d6-c71667118976,Attribute,4482e1a5-9099-4d19-af30-9811a60518bd,ISP 19,,,,,,,,,,,,
e4d984de-623b-4b49-83dc-b35a530a8bb9,Attribute,4482e1a5-9099-4d19-af30-9811a60518bd,ISP 20,,,,,,,,,,,,
0cd057a5-2493-40e4-bbd5-828c03cc8d30,Group,b9cb10c7-4f2e-49a5-8d47-8e3954f905f4,Alignment and effectiveness,,,,,,,,,,,,
8217543b-60ec-41b6-8a80-02c940fd4c89,Attribute,0cd057a5-2493-40e4-bbd5-828c03cc8d30,ISP 21,,,,,,,,,,,,
1c3ed18c-bda5-459e-b5fd-4547d98e2e91,Group,b9cb10c7-4f2e-49a5-8d47-8e3954f905f4,Stewardship examples,,,,,,,,,,,,
8ee80bff-80c5-4e47-8736-f2a58feac3a6,Attribute,1c3ed18c-bda5-459e-b5fd-4547d98e2e91,ISP 22,,,,,,,,,,,,
4cfad72b-8164-4df2-b659-27a222ac2b9f,Group,b9cb10c7-4f2e-49a5-8d47-8e3954f905f4,Engaging policymakers,,,,,,,,,,,,
14db45bc-fcf2-46f2-a724-117a70f4cda1,Group,4cfad72b-8164-4df2-b659-27a222ac2b9f,ISP 23,,,,,,,,,,,,
c534904b-cf33-4d5b-aeec-8c365979fdec,Attribute,14db45bc-fcf2-46f2-a724-117a70f4cda1,ISP 23.1,,,,,,,,,,,,
abe353c2-189a-4f0d-994c-b7acacb5fc81,Attribute,14db45bc-fcf2-46f2-a724-117a70f4cda1,ISP 23.2,,,,,,,,,,,,
a60403ac-d215-4d1f-a00f-ea05d43e601a,Group,b9cb10c7-4f2e-49a5-8d47-8e3954f905f4,Engaging policymakers – Policies,,,,,,,,,,,,
5d64fd38-3d70-474e-9f43-179a8f75b494,Group,a60403ac-d215-4d1f-a00f-ea05d43e601a,ISP 24,,,,,,,,,,,,
d7e7a3a8-0dbf-4f6c-a449-391f06803fb7,Attribute,5d64fd38-3d70-474e-9f43-179a8f75b494,ISP 24.1,,,,,,,,,,,,
dc36fd36-5966-4371-8d52-6549a57e6001,Group,b9cb10c7-4f2e-49a5-8d47-8e3954f905f4,Engaging policymakers – Transparency,,,,,,,,,,,,
1972632c-79d1-420c-a56d-8fad5cb4e272,Attribute,dc36fd36-5966-4371-8d52-6549a57e6001,ISP 25,,,,,,,,,,,,
394dd6e2-34ad-4bfa-a715-f48c77f1e54a,Group,c15220c5-f727-4a8b-97b8-09baec39ea4e,Climate change,,,,,,,,,,,,
ee0a1061-cf26-41a4-9e8f-9daf35892b90,Group,394dd6e2-34ad-4bfa-a715-f48c77f1e54a,Public support,,,,,,,,,,,,
e5ad715c-5223-470b-b138-8c9891c17bea,Attribute,ee0a1061-cf26-41a4-9e8f-9daf35892b90,ISP 26,,,,,,,,,,,,
84227c87-89de-4a23-aed4-1d6a760e8d4b,Attribute,ee0a1061-cf26-41a4-9e8f-9daf35892b90,ISP 27,,,,,,,,,,,,
6558bc03-cc8f-4a7e-8f3b-25ca835477d1,Group,394dd6e2-34ad-4bfa-a715-f48c77f1e54a,Governance,,,,,,,,,,,,
b790e2c2-11ec-4b78-b4b5-400d1a5ee9b5,Attribute,6558bc03-cc8f-4a7e-8f3b-25ca835477d1,ISP 28,,,,,,,,,,,,
f404add0-cc1f-4274-bcb5-80a9aee4f7d1,Attribute,6558bc03-cc8f-4a7e-8f3b-25ca835477d1,ISP 29,,,,,,,,,,,,
bc0766ce-5f1a-4598-9843-c2f3ae8680d1,Group,394dd6e2-34ad-4bfa-a715-f48c77f1e54a,Strategy,,,,,,,,,,,,
e88641d8-526f-4b2c-ba83-5da8db171384,Group,bc0766ce-5f1a-4598-9843-c2f3ae8680d1,ISP 30,,,,,,,,,,,,
36549c49-fb83-4591-a39f-e976fb7107b3,Attribute,e88641d8-526f-4b2c-ba83-5da8db171384,ISP 30.1,,,,,,,,,,,,
971ce2a2-d4e5-4384-b7f9-d8d356006f52,Attribute,bc0766ce-5f1a-4598-9843-c2f3ae8680d1,ISP 31,,,,,,,,,,,,
8ef50d67-ec28-406e-81fb-2ac9057d4630,Attribute,bc0766ce-5f1a-4598-9843-c2f3ae8680d1,ISP 32,,,,,,,,,,,,
d1cf8365-2f43-4450-8cb0-f95f3db7b9c9,Group,394dd6e2-34ad-4bfa-a715-f48c77f1e54a,Strategy: scenario analysis,,,,,,,,,,,,
3faf2a51-e83d-46b9-9db8-71865e28ce5e,Group,d1cf8365-2f43-4450-8cb0-f95f3db7b9c9,ISP 33,,,,,,,,,,,,
ee55747f-73e3-48e1-ac2a-3ca6950bf61f,Attribute,3faf2a51-e83d-46b9-9db8-71865e28ce5e,ISP 33.1,,,,,,,,,,,,
47152cfc-1f44-4235-be0a-4b8e938b4dcb,Group,394dd6e2-34ad-4bfa-a715-f48c77f1e54a,Risk management,,,,,,,,,,,,
9964881c-4bba-4de1-a293-11f7843cd290,Attribute,47152cfc-1f44-4235-be0a-4b8e938b4dcb,ISP 34,,,,,,,,,,,,
f24b8d66-dfaa-4fd2-9e5f-94c2febcc7eb,Attribute,47152cfc-1f44-4235-be0a-4b8e938b4dcb,ISP 35,,,,,,,,,,,,
f73f4a3d-b016-42c0-83a5-ff795ef61045,Attribute,47152cfc-1f44-4235-be0a-4b8e938b4dcb,ISP 36,,,,,,,,,,,,
cc96f180-135a-4db1-a923-c4ecf812a88d,Group,394dd6e2-34ad-4bfa-a715-f48c77f1e54a,Metrics and targets,,,,,,,,,,,,
2d86d04a-be30-41e7-b57d-f5908086feba,Group,cc96f180-135a-4db1-a923-c4ecf812a88d,ISP 37,,,,,,,,,,,,
7161c011-ab93-4e5d-8f46-6a45751666e1,Attribute,2d86d04a-be30-41e7-b57d-f5908086feba,ISP 37.1,,,,,,,,,,,,
fd2aac7a-e522-416d-a93d-2cd1cfdab6fa,Group,394dd6e2-34ad-4bfa-a715-f48c77f1e54a,Metrics and targets: transition risk,,,,,,,,,,,,
19c156be-25cb-4c43-961c-adad0a2ecd38,Group,fd2aac7a-e522-416d-a93d-2cd1cfdab6fa,ISP 38,,,,,,,,,,,,
e80483e7-21e3-426a-9678-b1589b966ba9,Attribute,19c156be-25cb-4c43-961c-adad0a2ecd38,ISP 38.1,,,,,,,,,,,,
69f03948-9793-4505-9a9e-2781823eb0f9,Group,394dd6e2-34ad-4bfa-a715-f48c77f1e54a,Metrics and targets: physical risk,,,,,,,,,,,,
e50f4e9e-767e-440f-8c44-e20a3c5c457d,Group,69f03948-9793-4505-9a9e-2781823eb0f9,ISP 39,,,,,,,,,,,,
34059d6e-2cf5-4a70-b3a9-b21d662ecfbc,Attribute,e50f4e9e-767e-440f-8c44-e20a3c5c457d,ISP 39.1,,,,,,,,,,,,
eb712744-92c5-4a94-a3e1-b95f06a8c7b4,Group,c15220c5-f727-4a8b-97b8-09baec39ea4e,Sustainability outcomes,,,,,,,,,,,,
84da9fc2-cd9b-4783-b352-d0df9e9cb10d,Group,eb712744-92c5-4a94-a3e1-b95f06a8c7b4,Set policies on sustainability outcomes,,,,,,,,,,,,
7e36b68e-60fb-43a2-b5d0-68ebc10000cd,Attribute,84da9fc2-cd9b-4783-b352-d0df9e9cb10d,ISP 40,,,,,,,,,,,,
15b2481a-6f45-4714-b1dd-e611243b145b,Attribute,84da9fc2-cd9b-4783-b352-d0df9e9cb10d,ISP 41,,,,,,,,,,,,
c278877e-d2a5-4bc9-bf4e-a3f6261e848e,Attribute,84da9fc2-cd9b-4783-b352-d0df9e9cb10d,ISP 42,,,,,,,,,,,,
d1fefc70-8073-4dff-8703-6e41419917cb,Group,eb712744-92c5-4a94-a3e1-b95f06a8c7b4,Identify sustainability outcomes,,,,,,,,,,,,
01d9b0dd-ff26-4ff7-a0e7-0b92d5fdefe2,Group,d1fefc70-8073-4dff-8703-6e41419917cb,ISP 43,,,,,,,,,,,,
19250b42-6bf9-4b6e-84d8-aa7c7f2a54b1,Attribute,01d9b0dd-ff26-4ff7-a0e7-0b92d5fdefe2,ISP 43.1,,,,,,,,,,,,
109197dc-4abe-4fdb-a0fe-729428741fae,Group,d1fefc70-8073-4dff-8703-6e41419917cb,ISP 44,,,,,,,,,,,,
b6e4a4c4-7571-4381-98d2-3f54c305e38d,Attribute,109197dc-4abe-4fdb-a0fe-729428741fae,ISP 44.1,,,,,,,,,,,,
c31f1f66-8796-4b62-9245-ad30ca24ed1c,Attribute,d1fefc70-8073-4dff-8703-6e41419917cb,ISP 45,,,,,,,,,,,,
657e0dde-49f4-4f83-8a99-7a8f9690eb45,Group,c15220c5-f727-4a8b-97b8-09baec39ea4e,Transparency & Confidence-Building Measures,,,,,,,,,,,,
3b3ff660-9819-4785-a7ff-f83eb8f3fb5b,Group,657e0dde-49f4-4f83-8a99-7a8f9690eb45,Information disclosed – ESG assets,,,,,,,,,,,,
240f7f94-9f4d-4504-8c5b-06817ebb7791,Attribute,3b3ff660-9819-4785-a7ff-f83eb8f3fb5b,ISP 46,,,,,,,,,,,,
f37fd2a1-09a4-4f63-9bbb-bf8f14bf086b,Group,657e0dde-49f4-4f83-8a99-7a8f9690eb45,Information disclosed – passive ESG assets,,,,,,,,,,,,
252026ff-18f3-4b77-837b-dbe204fedfa4,Attribute,f37fd2a1-09a4-4f63-9bbb-bf8f14bf086b,ISP 47,,,,,,,,,,,,
12e8e984-f998-4bcb-b884-638c4d39d7c0,Group,657e0dde-49f4-4f83-8a99-7a8f9690eb45,Client reporting – ESG assets,,,,,,,,,,,,
37be6a0a-7eb5-4ee1-9947-17b957762cff,Attribute,12e8e984-f998-4bcb-b884-638c4d39d7c0,ISP 48,,,,,,,,,,,,
d60669bb-6d06-46b8-863f-b8e14249b931,Group,657e0dde-49f4-4f83-8a99-7a8f9690eb45,Information disclosed – all assets,,,,,,,,,,,,
38f73126-09de-41c8-8c6b-5d8ec3765d36,Attribute,d60669bb-6d06-46b8-863f-b8e14249b931,ISP 49,,,,,,,,,,,,
3c6bbb43-435a-400a-b1c7-b14c3259c687,Group,657e0dde-49f4-4f83-8a99-7a8f9690eb45,Client reporting – all assets,,,,,,,,,,,,
a24b6d6f-0b4f-4d0d-81d9-bcc55a503bfc,Attribute,3c6bbb43-435a-400a-b1c7-b14c3259c687,ISP 50,,,,,,,,,,,,
84857e0b-d214-4429-a4be-2e57a92b3604,Group,657e0dde-49f4-4f83-8a99-7a8f9690eb45,Frequency of client reporting – all assets,,,,,,,,,,,,
6970ff89-a5c3-4550-aab0-8e01f306a329,Attribute,84857e0b-d214-4429-a4be-2e57a92b3604,ISP 51,,,,,,,,,,,,
c0964cc5-184d-48b5-9139-25eab47b523d,Group,657e0dde-49f4-4f83-8a99-7a8f9690eb45,Confidence-building measures,,,,,,,,,,,,
a4239a56-b788-4d75-b85f-a4b61c17a34b,Attribute,c0964cc5-184d-48b5-9139-25eab47b523d,ISP 52,,,,,,,,,,,,
4e8b34d5-d42d-4055-9ec0-642495da0440,Attribute,c0964cc5-184d-48b5-9139-25eab47b523d,ISP 53,,,,,,,,,,,,
5696bfe4-bb97-43bf-92b0-fbb9b8775be4,Group,c0964cc5-184d-48b5-9139-25eab47b523d,ISP 54,,,,,,,,,,,,
87fc314e-bed0-4d4c-b20a-9ee3c45cf1a9,Attribute,5696bfe4-bb97-43bf-92b0-fbb9b8775be4,ISP 54.1,,,,,,,,,,,,
69a39b24-ea12-4b8b-9700-7dc558952cbe,Attribute,c0964cc5-184d-48b5-9139-25eab47b523d,ISP 55,,,,,,,,,,,,
6aca871d-fddb-46ed-b6fc-81ceb72dccd8,Attribute,c0964cc5-184d-48b5-9139-25eab47b523d,ISP 56,,,,,,,,,,,,
ef7b55f0-29fb-4b0d-94a5-4b4e4c3b2c2d,Attribute,c0964cc5-184d-48b5-9139-25eab47b523d,ISP 57,,,,,,,,,,,,
e71c9a33-9c9d-4b2c-9351-dce4300323f5,Attribute,c0964cc5-184d-48b5-9139-25eab47b523d,ISP 58,,,,,,,,,,,,
674e5de5-af21-4d20-9c01-41d741202a86,Attribute,c0964cc5-184d-48b5-9139-25eab47b523d,ISP 59,,,,,,,,,,,,
f58ee14d-8431-4817-bfc9-6ccad32f057d,Attribute,c0964cc5-184d-48b5-9139-25eab47b523d,ISP 60,,,,,,,,,,,,
79bfc506-c323-4b8b-83a7-ef28e683e9d1,Attribute,c0964cc5-184d-48b5-9139-25eab47b523d,ISP 61,,,,,,,,,,,,
30c8acd0-606b-4e3f-8856-1ada8e27f40d,Attribute,c0964cc5-184d-48b5-9139-25eab47b523d,ISP 62,,,,,,,,,,,,
a190e68d-36b9-47e9-a9f8-58d4ffc0a63b,Object,ef8fc864-9250-4e40-9ed9-ea6ade52fe74,"Manager Selection, Appointment and Monitoring (SAM)",,,,,,,,,,,,
aea7fba7-52ab-4691-aa31-71727b809fe2,Group,a190e68d-36b9-47e9-a9f8-58d4ffc0a63b,Investment consultants,,,,,,,,,,,,
8c0edffb-4b61-439c-b09d-3f3fe224e272,Group,aea7fba7-52ab-4691-aa31-71727b809fe2,Investment consultant selection,,,,,,,,,,,,
8dd4dec2-3880-4954-9c8b-5fa2ba50eaff,Attribute,8c0edffb-4b61-439c-b09d-3f3fe224e272,SAM 1,,,,,,,,,,,,
1a4e22b8-e948-4b18-bfec-27b85fce967e,Group,a190e68d-36b9-47e9-a9f8-58d4ffc0a63b,Selection,,,,,,,,,,,,
60b56abb-a5bb-4e70-b9fe-597817e5597a,Group,1a4e22b8-e948-4b18-bfec-27b85fce967e,Responsible investment policy,,,,,,,,,,,,
886222c7-10af-4b86-8c27-e34fa615f99c,Group,60b56abb-a5bb-4e70-b9fe-597817e5597a,SAM 2,,,,,,,,,,,,
81b96693-beeb-4a14-881c-baf3219e9f60,Attribute,886222c7-10af-4b86-8c27-e34fa615f99c,SAM 2.1,,,,,,,,,,,,
9311e3cd-7da7-4d2a-ae0f-610e9545d2da,Group,1a4e22b8-e948-4b18-bfec-27b85fce967e,Research and screening,,,,,,,,,,,,
75edb02e-fae8-4c6c-8d06-1ae1da8305ad,Attribute,9311e3cd-7da7-4d2a-ae0f-610e9545d2da,SAM 3,,,,,,,,,,,,
0abd9599-cd47-43c6-9466-1f39b717e39d,Group,1a4e22b8-e948-4b18-bfec-27b85fce967e,Investment practices,,,,,,,,,,,,
f0e20ab0-621e-4c83-9d23-67a2f2d8d52f,Attribute,0abd9599-cd47-43c6-9466-1f39b717e39d,SAM 4,,,,,,,,,,,,
2376aa7b-a039-40d3-bd2b-72aa9f907dc1,Attribute,0abd9599-cd47-43c6-9466-1f39b717e39d,SAM 5,,,,,,,,,,,,
8217afb6-98c6-4901-b9b1-18aac023422f,Group,1a4e22b8-e948-4b18-bfec-27b85fce967e,Stewardship,,,,,,,,,,,,
6541aa4c-a028-4fa7-b164-515b15441cf7,Attribute,8217afb6-98c6-4901-b9b1-18aac023422f,SAM 6,,,,,,,,,,,,
1191cc94-66f5-4025-ac1d-6059b437d00a,Attribute,8217afb6-98c6-4901-b9b1-18aac023422f,SAM 7,,,,,,,,,,,,
930d352d-30cb-4676-9189-1cc395c33464,Attribute,8217afb6-98c6-4901-b9b1-18aac023422f,SAM 8,,,,,,,,,,,,
65459dad-086a-48c2-9755-3497233ece4a,Attribute,8217afb6-98c6-4901-b9b1-18aac023422f,SAM 9,,,,,,,,,,,,
2d1821be-ae48-4a92-8586-892ec91cefff,Group,1a4e22b8-e948-4b18-bfec-27b85fce967e,Sustainability outcomes,,,,,,,,,,,,
1394f1d2-b3ba-4823-8426-fdca8d6b78b9,Attribute,2d1821be-ae48-4a92-8586-892ec91cefff,SAM 10,,,,,,,,,,,,
89fd0de6-d122-49e3-a310-f13543ee5816,Group,1a4e22b8-e948-4b18-bfec-27b85fce967e,Documentation and track record,,,,,,,,,,,,
5984f000-6086-4099-a030-56cc61bb85c1,Attribute,89fd0de6-d122-49e3-a310-f13543ee5816,SAM 11,,,,,,,,,,,,
9f1f4d20-16a7-40d1-8139-9fbfa02f2916,Group,a190e68d-36b9-47e9-a9f8-58d4ffc0a63b,Appointment,,,,,,,,,,,,
93417f1e-5873-474a-ade7-cbc4556df0e9,Group,9f1f4d20-16a7-40d1-8139-9fbfa02f2916,Pooled funds,,,,,,,,,,,,
dbc5e919-21ff-4dfb-864a-577e59d25dce,Attribute,93417f1e-5873-474a-ade7-cbc4556df0e9,SAM 12,,,,,,,,,,,,
1fd50118-eebe-45f5-908d-7f00c7f72678,Group,9f1f4d20-16a7-40d1-8139-9fbfa02f2916,Segregated mandates,,,,,,,,,,,,
b4f96227-5e0f-48fb-9349-2ed1eb60f65e,Attribute,1fd50118-eebe-45f5-908d-7f00c7f72678,SAM 13,,,,,,,,,,,,
365af7f4-54b9-4b73-b3c1-6313454a51c1,Group,a190e68d-36b9-47e9-a9f8-58d4ffc0a63b,Monitoring,,,,,,,,,,,,
c8e4944b-3aaa-43a9-8f4d-b77a32bce1a6,Group,365af7f4-54b9-4b73-b3c1-6313454a51c1,Investment practices,,,,,,,,,,,,
4f2e7d96-ca8e-4f9a-a864-0be0d6d6d5c3,Attribute,c8e4944b-3aaa-43a9-8f4d-b77a32bce1a6,SAM 14,,,,,,,,,,,,
37801630-cf75-4459-b9a7-b2ed4144eda0,Attribute,c8e4944b-3aaa-43a9-8f4d-b77a32bce1a6,SAM 15,,,,,,,,,,,,
baa370a5-d7ab-4ad9-8498-d014cc3d9d58,Attribute,c8e4944b-3aaa-43a9-8f4d-b77a32bce1a6,SAM 16,,,,,,,,,,,,
b4990a0a-af9a-44e1-af1b-2639eb7a18b9,Group,365af7f4-54b9-4b73-b3c1-6313454a51c1,Stewardship,,,,,,,,,,,,
3ae0dff2-ba78-4de1-be6b-f40d3d108aa8,Attribute,b4990a0a-af9a-44e1-af1b-2639eb7a18b9,SAM 17,,,,,,,,,,,,
e0cc358c-987c-41dc-8a86-5f9e87311fe9,Attribute,b4990a0a-af9a-44e1-af1b-2639eb7a18b9,SAM 18,,,,,,,,,,,,
f7347a68-62b0-4e89-9721-684b2ec03336,Group,365af7f4-54b9-4b73-b3c1-6313454a51c1,Sustainability outcomes,,,,,,,,,,,,
de134b4c-e803-46e6-952d-c23a62f93ace,Attribute,f7347a68-62b0-4e89-9721-684b2ec03336,SAM 19,,,,,,,,,,,,
8db58705-4269-4265-9c91-4335e9880e11,Group,365af7f4-54b9-4b73-b3c1-6313454a51c1,Review,,,,,,,,,,,,
082b8354-160a-42dc-bb1c-6761cf23abab,Attribute,8db58705-4269-4265-9c91-4335e9880e11,SAM 20,,,,,,,,,,,,
dde185a3-6650-4a56-8d95-2a04f95d5a53,Group,365af7f4-54b9-4b73-b3c1-6313454a51c1,Verification,,,,,,,,,,,,
4b9c0953-2305-470a-83af-48447f5393a9,Attribute,dde185a3-6650-4a56-8d95-2a04f95d5a53,SAM 21,,,,,,,,,,,,
b0d9658f-a06f-4835-87ab-4d1792be46d1,Group,365af7f4-54b9-4b73-b3c1-6313454a51c1,Engagement and escalation,,,,,,,,,,,,
57b50d18-ff61-44e5-aa9a-a164d0401a52,Attribute,b0d9658f-a06f-4835-87ab-4d1792be46d1,SAM 22,,,,,,,,,,,,
d8f7eb32-9ff3-4671-81be-2b26274a2137,Object,ef8fc864-9250-4e40-9ed9-ea6ade52fe74,Listed Equity,,,,,,,,,,,,
56c85c2e-a91d-4411-b65d-ecf4280a2773,Group,d8f7eb32-9ff3-4671-81be-2b26274a2137,Pre-investment phase,,,,,,,,,,,,
bb2540e9-7dd5-4e9f-ae5c-d194f1ffe3a5,Group,56c85c2e-a91d-4411-b65d-ecf4280a2773,Materiality analysis,,,,,,,,,,,,
bbe7b9a3-6dce-4417-9344-1a477a38e671,Group,bb2540e9-7dd5-4e9f-ae5c-d194f1ffe3a5,LE 1,,,,,,,,,,,,
abfd2d92-c8e2-4278-813d-9efea13d0006,Attribute,bbe7b9a3-6dce-4417-9344-1a477a38e671,LE 1.1,,,,,,,,,,,,
fa6e0c80-2693-48bb-93d6-5ae513dcfe33,Group,56c85c2e-a91d-4411-b65d-ecf4280a2773,Long-term ESG trend analysis,,,,,,,,,,,,
64a715c1-76ab-44d3-842f-28830a2e3368,Attribute,fa6e0c80-2693-48bb-93d6-5ae513dcfe33,LE 2,,,,,,,,,,,,
016386b4-e359-426d-a897-62acf49f6b30,Group,56c85c2e-a91d-4411-b65d-ecf4280a2773,ESG incorporation,,,,,,,,,,,,
f0232eda-4422-4b71-8ac5-e6eac7462021,Group,016386b4-e359-426d-a897-62acf49f6b30,LE 3,,,,,,,,,,,,
563b7818-6630-476e-a027-77fcff9536be,Attribute,f0232eda-4422-4b71-8ac5-e6eac7462021,LE 3.1,,,,,,,,,,,,
e5f6bf72-4b14-432f-a3f7-aa4aca4b630e,Group,56c85c2e-a91d-4411-b65d-ecf4280a2773,Assessing ESG performance,,,,,,,,,,,,
32ec2a8a-88c9-409c-838b-1d0ec8c3b625,Group,e5f6bf72-4b14-432f-a3f7-aa4aca4b630e,LE 4,,,,,,,,,,,,
a501155a-0b2d-4fc0-9ab1-001454f4943e,Attribute,32ec2a8a-88c9-409c-838b-1d0ec8c3b625,LE 4.1,,,,,,,,,,,,
d467b59e-7573-45ff-9712-f6b65a0b44e1,Group,56c85c2e-a91d-4411-b65d-ecf4280a2773,ESG incorporation in portfolio construction,,,,,,,,,,,,
95b110d4-5513-4e25-ac79-def9479cd3d7,Attribute,d467b59e-7573-45ff-9712-f6b65a0b44e1,LE 5,,,,,,,,,,,,
6578177d-c13f-49f2-b6cc-adfeb003642c,Group,d467b59e-7573-45ff-9712-f6b65a0b44e1,LE 6,,,,,,,,,,,,
4d10d2a8-0288-48bc-beef-a124b7c986e9,Attribute,6578177d-c13f-49f2-b6cc-adfeb003642c,LE 6.1,,,,,,,,,,,,
2dedcbc4-644b-4013-9f76-a6d23e25b80a,Attribute,d467b59e-7573-45ff-9712-f6b65a0b44e1,LE 7,,,,,,,,,,,,
7ec05fdb-1201-4a22-8b51-615bc5d54413,Group,56c85c2e-a91d-4411-b65d-ecf4280a2773,ESG risk management,,,,,,,,,,,,
40e64d06-34ae-430a-ae86-412a828a8170,Attribute,7ec05fdb-1201-4a22-8b51-615bc5d54413,LE 8,,,,,,,,,,,,
c8a2a3d7-8c6f-472d-aa0e-689aa7011a17,Attribute,7ec05fdb-1201-4a22-8b51-615bc5d54413,LE 9,,,,,,,,,,,,
cec21768-d63e-4959-9d61-89a5ea3867d4,Attribute,7ec05fdb-1201-4a22-8b51-615bc5d54413,LE 10,,,,,,,,,,,,
5cdbaee2-6611-4574-8888-0dc81aaf7953,Group,56c85c2e-a91d-4411-b65d-ecf4280a2773,Performance monitoring,,,,,,,,,,,,
7cc8ab17-490c-44b7-946b-f34e69ffd7fd,Attribute,5cdbaee2-6611-4574-8888-0dc81aaf7953,LE 11,,,,,,,,,,,,
72dc66ca-f75b-46ae-86d4-1ef6ebf25d07,Group,56c85c2e-a91d-4411-b65d-ecf4280a2773,Passive equity,,,,,,,,,,,,
3c4e17be-d94d-4ab5-a68e-e5c417156a24,Attribute,72dc66ca-f75b-46ae-86d4-1ef6ebf25d07,LE 12,,,,,,,,,,,,
a7da7604-fc98-43d1-9baa-1fa51ccbce9c,Group,d8f7eb32-9ff3-4671-81be-2b26274a2137,Reporting/Disclosure,,,,,,,,,,,,
58e68ba0-65b4-4ba2-8d42-98d5f889489e,Group,a7da7604-fc98-43d1-9baa-1fa51ccbce9c,Sharing ESG information with stakeholders,,,,,,,,,,,,
48b30a1f-836c-44f5-99ad-35f3d9c28137,Attribute,58e68ba0-65b4-4ba2-8d42-98d5f889489e,LE 13,,,,,,,,,,,,
6a472774-fa67-4ad2-83a4-bba30df578c0,Attribute,58e68ba0-65b4-4ba2-8d42-98d5f889489e,LE 14,,,,,,,,,,,,
681fe4a1-ee52-43ea-9904-12093f088811,Group,d8f7eb32-9ff3-4671-81be-2b26274a2137,Stewardship,,,,,,,,,,,,
5bfe5970-c590-4e79-8cfa-b2a882eeddcd,Group,681fe4a1-ee52-43ea-9904-12093f088811,Voting policy,,,,,,,,,,,,
69fa7b3c-53bf-46a4-a537-3a10cdc14374,Group,5bfe5970-c590-4e79-8cfa-b2a882eeddcd,LE 15,,,,,,,,,,,,
e1f1638e-02e9-4e22-991e-210ae2d3961a,Group,69fa7b3c-53bf-46a4-a537-3a10cdc14374,LE 15.1,,,,,,,,,,,,
f3593307-0d5d-454b-9ff7-e767ebe5f938,Attribute,e1f1638e-02e9-4e22-991e-210ae2d3961a,LE 16,,,,,,,,,,,,
9e52ef59-4d07-49ab-9c16-1410412b9d33,Group,681fe4a1-ee52-43ea-9904-12093f088811,Alignment & effectiveness,,,,,,,,,,,,
c6da5aae-a7cb-48f4-8722-4a1941e3c974,Attribute,9e52ef59-4d07-49ab-9c16-1410412b9d33,LE 17,,,,,,,,,,,,
1510b09e-31a2-47e4-bb28-f5e4af58f515,Group,681fe4a1-ee52-43ea-9904-12093f088811,Security lending policy,,,,,,,,,,,,
40816fc3-2f4f-460a-ba81-605b812c07af,Group,1510b09e-31a2-47e4-bb28-f5e4af58f515,LE 18,,,,,,,,,,,,
c528f615-978b-4c18-b582-2978cf1d6d21,Attribute,40816fc3-2f4f-460a-ba81-605b812c07af,LE 18.1,,,,,,,,,,,,
1324342d-ce8e-43ff-9d7b-8075242728e1,Attribute,40816fc3-2f4f-460a-ba81-605b812c07af,LE 18.2,,,,,,,,,,,,
2acd1c94-42d6-4f17-96bd-99939b1dd63d,Group,681fe4a1-ee52-43ea-9904-12093f088811,Shareholder resolutions,,,,,,,,,,,,
9261981f-9add-4d5f-b0fc-dca59a93648a,Attribute,2acd1c94-42d6-4f17-96bd-99939b1dd63d,LE 19,,,,,,,,,,,,
06674cc7-8bc3-4fc6-bb9d-3663e6cb9230,Group,681fe4a1-ee52-43ea-9904-12093f088811,Pre-declaration of votes,,,,,,,,,,,,
4000bfdc-5e4e-4cb3-8ba8-e43c808f1a57,Attribute,06674cc7-8bc3-4fc6-bb9d-3663e6cb9230,LE 20,,,,,,,,,,,,
3c2fe2a5-0c64-432c-962c-eef6067f3cbd,Group,681fe4a1-ee52-43ea-9904-12093f088811,Voting disclosure post AGM/EGM,,,,,,,,,,,,
1bdf7368-48e4-4833-a1fa-e93d9c00ca56,Group,3c2fe2a5-0c64-432c-962c-eef6067f3cbd,LE 21,,,,,,,,,,,,
1dbdeca5-ad5b-4755-836b-dc14a4ec57d5,Attribute,1bdf7368-48e4-4833-a1fa-e93d9c00ca56,LE 21.1,,,,,,,,,,,,
df81f686-147f-4c66-a594-b0908d56e72f,Group,3c2fe2a5-0c64-432c-962c-eef6067f3cbd,LE 22,,,,,,,,,,,,
b05c7fd6-f878-4b38-b35e-0057bbc0db07,Attribute,df81f686-147f-4c66-a594-b0908d56e72f,LE 22.1,,,,,,,,,,,,
ca8f1a47-de09-4074-8909-44aca42033bb,Group,3c2fe2a5-0c64-432c-962c-eef6067f3cbd,LE 23,,,,,,,,,,,,
6c3d9ae2-9d71-410b-9ac3-ddf9bce00b1a,Attribute,ca8f1a47-de09-4074-8909-44aca42033bb,LE 23.1,,,,,,,,,,,,
f5678690-5a59-4f31-92e3-a71e1dfae307,Group,681fe4a1-ee52-43ea-9904-12093f088811,Alignment & effectiveness,,,,,,,,,,,,
4b713678-1542-4509-8e38-c0df79fed88a,Attribute,f5678690-5a59-4f31-92e3-a71e1dfae307,LE 24,,,,,,,,,,,,
e05c2b7b-af78-499f-8ee4-d031df951fbc,Group,681fe4a1-ee52-43ea-9904-12093f088811,Example,,,,,,,,,,,,
ddc72fbd-1ea1-4429-bcfe-4e9eb7ee5bb6,Attribute,e05c2b7b-af78-499f-8ee4-d031df951fbc,LE 25,,,,,,,,,,,,
1972ed24-5b7b-4502-980b-9c90d5f68538,Object,ef8fc864-9250-4e40-9ed9-ea6ade52fe74,Fixed Income,,,,,,,,,,,,
0a703ca6-5b4e-4d0f-a252-afaca3799393,Group,1972ed24-5b7b-4502-980b-9c90d5f68538,Pre-investment phase,,,,,,,,,,,,
4a0b3f34-a671-426d-9199-d44c787a18e2,Group,0a703ca6-5b4e-4d0f-a252-afaca3799393,Materiality analysis,,,,,,,,,,,,
43cb1cdb-ff55-4080-a19e-fade969bb65b,Group,4a0b3f34-a671-426d-9199-d44c787a18e2,FI 1,,,,,,,,,,,,
3c0fd6ba-a890-4e56-b560-ff5912c50c2d,Attribute,43cb1cdb-ff55-4080-a19e-fade969bb65b,FI 1.1,,,,,,,,,,,,
99c77736-a3aa-4095-bab7-8b739dd8091b,Group,0a703ca6-5b4e-4d0f-a252-afaca3799393,ESG risk management,,,,,,,,,,,,
47a543db-3abf-4574-b3c7-97fb3340c987,Group,99c77736-a3aa-4095-bab7-8b739dd8091b,FI 2,,,,,,,,,,,,
9eefb13a-5de9-4b0e-953e-3289e318e49e,Attribute,47a543db-3abf-4574-b3c7-97fb3340c987,FI 2.1,,,,,,,,,,,,
c1c0f356-e679-41f3-abaa-f3fb8dd00cff,Group,0a703ca6-5b4e-4d0f-a252-afaca3799393,ESG incorporation in asset valuation,,,,,,,,,,,,
d0100c95-b90d-43f9-be4f-37759abee329,Group,c1c0f356-e679-41f3-abaa-f3fb8dd00cff,FI 3,,,,,,,,,,,,
36ad2924-4167-4731-bf3a-dc0e0cab1919,Attribute,d0100c95-b90d-43f9-be4f-37759abee329,FI 3.1,,,,,,,,,,,,
29081c35-e3bc-4fbc-bce2-b5f85ef57c04,Group,0a703ca6-5b4e-4d0f-a252-afaca3799393,Performance monitoring,,,,,,,,,,,,
0315eb34-0f8d-4fe5-999f-3867904fb739,Attribute,29081c35-e3bc-4fbc-bce2-b5f85ef57c04,FI 4,,,,,,,,,,,,
f48a929f-1479-4b29-9cb5-bc4808c3f81b,Group,0a703ca6-5b4e-4d0f-a252-afaca3799393,ESG incorporation in portfolio construction,,,,,,,,,,,,
17d2a15b-bdc6-4bc0-b6d5-34fcc6607129,Group,f48a929f-1479-4b29-9cb5-bc4808c3f81b,FI 5,,,,,,,,,,,,
6591bdab-d409-4e1c-92d9-0678de0b525d,Group,17d2a15b-bdc6-4bc0-b6d5-34fcc6607129,FI 5.1,,,,,,,,,,,,
fb92bee7-22ca-4f19-8f60-b780ad659f4f,Attribute,6591bdab-d409-4e1c-92d9-0678de0b525d,FI 6,,,,,,,,,,,,
311c8f26-e6aa-48e0-b9f5-957258e2c971,Group,0a703ca6-5b4e-4d0f-a252-afaca3799393,ESG incorporation in assessment of issuers,,,,,,,,,,,,
c05171cb-5fb8-409a-9a87-6dac9a134bc0,Attribute,311c8f26-e6aa-48e0-b9f5-957258e2c971,FI 7,,,,,,,,,,,,
e1526060-5084-44a7-b088-b5c98bfbcb2d,Group,0a703ca6-5b4e-4d0f-a252-afaca3799393,ESG performance,,,,,,,,,,,,
177f33a6-c4d9-4167-a209-56718414ceff,Attribute,e1526060-5084-44a7-b088-b5c98bfbcb2d,FI 8,,,,,,,,,,,,
8535e8a6-a43c-470a-9c05-eb677b74ddfb,Group,0a703ca6-5b4e-4d0f-a252-afaca3799393,ESG risk management,,,,,,,,,,,,
e6651d42-c24b-4b6e-b1e0-29a0a9e12f87,Group,8535e8a6-a43c-470a-9c05-eb677b74ddfb,FI 9,,,,,,,,,,,,
2c1772a7-c9d2-412a-b75f-ca8c789d4ee6,Attribute,e6651d42-c24b-4b6e-b1e0-29a0a9e12f87,FI 9.1,,,,,,,,,,,,
700c3f55-8596-409a-afe8-dad8b5b20049,Group,0a703ca6-5b4e-4d0f-a252-afaca3799393,Private debt,,,,,,,,,,,,
b78be136-e994-4383-9072-a9ac0ddc7a11,Group,700c3f55-8596-409a-afe8-dad8b5b20049,FI 10,,,,,,,,,,,,
b7c9625d-fed0-4af9-99c6-4a7f65db2ba4,Attribute,b78be136-e994-4383-9072-a9ac0ddc7a11,FI 10.1,,,,,,,,,,,,
b7ade27d-ad1a-475a-ac1d-93dc98879c0f,Group,0a703ca6-5b4e-4d0f-a252-afaca3799393,Securitised products,,,,,,,,,,,,
c3a4be98-a609-4962-8670-f9e3b853176e,Attribute,b7ade27d-ad1a-475a-ac1d-93dc98879c0f,FI 11,,,,,,,,,,,,
a2a3d15e-657d-4a93-8e42-87652ec758d9,Group,1972ed24-5b7b-4502-980b-9c90d5f68538,Post-investment phase,,,,,,,,,,,,
88a88ce6-7177-4844-8376-54a94d1e695e,Group,a2a3d15e-657d-4a93-8e42-87652ec758d9,ESG risk management,,,,,,,,,,,,
1fc44b4d-9abc-48bd-a423-94001d431254,Attribute,88a88ce6-7177-4844-8376-54a94d1e695e,FI 12,,,,,,,,,,,,
2e2b6422-6fda-42fa-9f0f-6d48bf14be4d,Attribute,88a88ce6-7177-4844-8376-54a94d1e695e,FI 13,,,,,,,,,,,,
7c6d1824-f3ec-41fb-b9f2-6bae0fcf9eba,Group,a2a3d15e-657d-4a93-8e42-87652ec758d9,Time horizons,,,,,,,,,,,,
585815b9-b5f3-4284-89e7-48185667180e,Attribute,7c6d1824-f3ec-41fb-b9f2-6bae0fcf9eba,FI 14,,,,,,,,,,,,
a8aa2d77-c903-466f-995e-f6e31cb981d9,Group,a2a3d15e-657d-4a93-8e42-87652ec758d9,Long-term ESG trend analysis,,,,,,,,,,,,
4bfb42f4-f057-4900-8bf2-1a749700e2e3,Attribute,a8aa2d77-c903-466f-995e-f6e31cb981d9,FI 15,,,,,,,,,,,,
861b3d82-36e6-4148-bb5a-3c277d6b9f95,Group,a2a3d15e-657d-4a93-8e42-87652ec758d9,Passive,,,,,,,,,,,,
7bb3a6ae-5048-4e98-b4d0-d2163c3e778c,Attribute,861b3d82-36e6-4148-bb5a-3c277d6b9f95,FI 16,,,,,,,,,,,,
d04c0b74-3d7e-4a0b-99ba-b6186de6d580,Group,a2a3d15e-657d-4a93-8e42-87652ec758d9,Examples of leading practice,,,,,,,,,,,,
2667e10f-7875-44bd-a11d-c22ec78bd164,Attribute,d04c0b74-3d7e-4a0b-99ba-b6186de6d580,FI 17,,,,,,,,,,,,
29108d2e-058b-44c4-9adf-066a2d2fafe3,Group,a2a3d15e-657d-4a93-8e42-87652ec758d9,Thematic bonds,,,,,,,,,,,,
550ed7c8-d21c-4c71-979c-f8c29d1c3dc2,Group,29108d2e-058b-44c4-9adf-066a2d2fafe3,FI 18,,,,,,,,,,,,
c420448f-a6af-4554-b1a7-e502d49a377a,Attribute,550ed7c8-d21c-4c71-979c-f8c29d1c3dc2,FI 18.1,,,,,,,,,,,,
5d24dfdb-9e57-4980-9445-d1d7671bd5e1,Attribute,29108d2e-058b-44c4-9adf-066a2d2fafe3,FI 19,,,,,,,,,,,,
7de5b76e-9392-4842-a66d-57eca726aa0f,Attribute,29108d2e-058b-44c4-9adf-066a2d2fafe3,FI 20,,,,,,,,,,,,
85406ee8-6360-46c4-8805-aefd3ecde43d,Group,1972ed24-5b7b-4502-980b-9c90d5f68538,Reporting/Disclosure,,,,,,,,,,,,
862f0d9f-dbe6-4bad-a95d-257169277089,Group,85406ee8-6360-46c4-8805-aefd3ecde43d,ESG screens,,,,,,,,,,,,
1b3380de-3259-4eae-b93b-0a0c6918051d,Attribute,862f0d9f-dbe6-4bad-a95d-257169277089,FI 21,,,,,,,,,,,,
4690f769-0db5-47f3-a3d5-d79710d92fb7,Group,1972ed24-5b7b-4502-980b-9c90d5f68538,Engagement,,,,,,,,,,,,
b8cf2fba-cda4-458e-a3b3-2ba68ec5e5e4,Group,4690f769-0db5-47f3-a3d5-d79710d92fb7,Engaging with issuers/borrowers,,,,,,,,,,,,
2c1f6a8d-dbd1-49ad-8e3b-3fb56200813c,Group,b8cf2fba-cda4-458e-a3b3-2ba68ec5e5e4,FI 22,,,,,,,,,,,,
bc357e37-ba78-462e-9a1a-ca000b93d556,Attribute,2c1f6a8d-dbd1-49ad-8e3b-3fb56200813c,FI 22.1,,,,,,,,,,,,
065369b1-1e75-4768-b9e0-2a4e636e8496,Group,4690f769-0db5-47f3-a3d5-d79710d92fb7,Sovereign bonds,,,,,,,,,,,,
433036c1-8b98-4c77-b4c8-730cd2c32de6,Attribute,065369b1-1e75-4768-b9e0-2a4e636e8496,FI 23,,,,,,,,,,,,
48debb3e-05e9-43fa-bbd6-d9d6107b05f3,Object,ef8fc864-9250-4e40-9ed9-ea6ade52fe74,Real Estate,,,,,,,,,,,,
a6e82ce7-dba8-4692-8c24-826264b5679e,Group,48debb3e-05e9-43fa-bbd6-d9d6107b05f3,Policy,,,,,,,,,,,,
76568d1e-7c18-4e7e-983f-91964b1e63aa,Group,a6e82ce7-dba8-4692-8c24-826264b5679e,Investment guidelines,,,,,,,,,,,,
3893f420-bb67-4dfd-a231-55f1117c436e,Attribute,76568d1e-7c18-4e7e-983f-91964b1e63aa,RE 1,,,,,,,,,,,,
d751fd51-61a5-4adc-a829-e5deb8a88b6a,Group,48debb3e-05e9-43fa-bbd6-d9d6107b05f3,Fundraising,,,,,,,,,,,,
062eece1-b72c-4449-b63a-899dece73f07,Group,d751fd51-61a5-4adc-a829-e5deb8a88b6a,Commitments to investors,,,,,,,,,,,,
4b4c119a-93d7-4836-9715-26675575190e,Attribute,062eece1-b72c-4449-b63a-899dece73f07,RE 2,,,,,,,,,,,,
6d402669-45f0-42df-838c-c9bbd8f39751,Group,48debb3e-05e9-43fa-bbd6-d9d6107b05f3,Pre-investment phase,,,,,,,,,,,,
47e7f78b-e68d-42e0-bb9f-45ba848ae7d6,Group,6d402669-45f0-42df-838c-c9bbd8f39751,Materiality analysis,,,,,,,,,,,,
8b01c9d2-3cb9-487f-924c-0e4697cb1b98,Group,47e7f78b-e68d-42e0-bb9f-45ba848ae7d6,RE 3,,,,,,,,,,,,
b0c3b6a7-5982-4cc4-9f11-a1e8c0b765ca,Attribute,8b01c9d2-3cb9-487f-924c-0e4697cb1b98,RE 3.1,,,,,,,,,,,,
efd032b5-4df4-4f52-94df-8f2c342aa6c8,Group,6d402669-45f0-42df-838c-c9bbd8f39751,Due Diligence,,,,,,,,,,,,
980e89b7-43f3-4a7a-b7d6-5ce2dab59a14,Attribute,efd032b5-4df4-4f52-94df-8f2c342aa6c8,RE 4,,,,,,,,,,,,
a4df57c8-f23c-4773-a563-8f426b3ed9c3,Attribute,efd032b5-4df4-4f52-94df-8f2c342aa6c8,RE 5,,,,,,,,,,,,
55b95fc5-687d-402d-99b4-9b24e13764b7,Group,48debb3e-05e9-43fa-bbd6-d9d6107b05f3,"Selection, appointment and monitoring of third-party property managers",,,,,,,,,,,,
b5e36beb-e1cd-49a1-9174-47c96745d30b,Group,55b95fc5-687d-402d-99b4-9b24e13764b7,Selection process,,,,,,,,,,,,
b8d77728-5a4c-40f1-a02d-683383f1a05d,Attribute,b5e36beb-e1cd-49a1-9174-47c96745d30b,RE 6,,,,,,,,,,,,
61a976ac-d47f-4eb4-8d16-bbb8e38c923a,Group,55b95fc5-687d-402d-99b4-9b24e13764b7,Appointment process,,,,,,,,,,,,
9f3a5c80-35fd-497f-bdc6-0b1c2250a222,Attribute,61a976ac-d47f-4eb4-8d16-bbb8e38c923a,RE 7,,,,,,,,,,,,
0b548b01-0cea-4e14-afa0-2b2865ef154a,Group,55b95fc5-687d-402d-99b4-9b24e13764b7,Monitoring process,,,,,,,,,,,,
cee183a4-fcb6-4f33-9091-b73645e062b5,Attribute,0b548b01-0cea-4e14-afa0-2b2865ef154a,RE 8,,,,,,,,,,,,
243032ec-6ee0-4ff3-ab6e-87eabbf2fd19,Group,48debb3e-05e9-43fa-bbd6-d9d6107b05f3,Construction and development,,,,,,,,,,,,
54c7278b-aa2c-46c3-8b03-2eb29c5573b5,Group,243032ec-6ee0-4ff3-ab6e-87eabbf2fd19,Construction requirements,,,,,,,,,,,,
ebcc7783-3314-4977-92f9-d3deb92f08b9,Attribute,54c7278b-aa2c-46c3-8b03-2eb29c5573b5,RE 9,,,,,,,,,,,,
5e781a5d-7d46-4a9d-b8a8-eb8f54179ccf,Group,243032ec-6ee0-4ff3-ab6e-87eabbf2fd19,Minimum building requirements,,,,,,,,,,,,
220e9af6-70ca-488b-b6a2-42a7e01f0b7e,Attribute,5e781a5d-7d46-4a9d-b8a8-eb8f54179ccf,RE 10,,,,,,,,,,,,
72acbe3b-db08-40ca-bff7-c96a4a464789,Group,48debb3e-05e9-43fa-bbd6-d9d6107b05f3,Post-investment phase,,,,,,,,,,,,
bcfb119a-1096-4d0a-a67a-e8ab36876460,Group,72acbe3b-db08-40ca-bff7-c96a4a464789,Monitoring,,,,,,,,,,,,
62b26a29-9537-42b5-9cea-327028e5d9c6,Attribute,bcfb119a-1096-4d0a-a67a-e8ab36876460,RE 11,,,,,,,,,,,,
c5d7ddff-d826-4dde-b360-5444dbbfdc97,Attribute,bcfb119a-1096-4d0a-a67a-e8ab36876460,RE 12,,,,,,,,,,,,
80b9edfc-e0e6-4f3b-b535-04a80d06ad5c,Group,bcfb119a-1096-4d0a-a67a-e8ab36876460,RE 13,,,,,,,,,,,,
4139f66a-c197-4a4c-8cf1-adeded9587b9,Attribute,80b9edfc-e0e6-4f3b-b535-04a80d06ad5c,RE 13.1,,,,,,,,,,,,
1b0d4aec-abfc-441e-b9f5-22c974079bc9,Attribute,bcfb119a-1096-4d0a-a67a-e8ab36876460,RE 14,,,,,,,,,,,,
bfe8d6a8-5e90-4d2d-9c91-e968c80f2929,Attribute,bcfb119a-1096-4d0a-a67a-e8ab36876460,RE 15,,,,,,,,,,,,
1e474c9b-e31d-4583-a016-70a3232eac94,Attribute,bcfb119a-1096-4d0a-a67a-e8ab36876460,RE 16,,,,,,,,,,,,
3345d8fb-f1bc-4120-8e49-505d90d43579,Group,72acbe3b-db08-40ca-bff7-c96a4a464789,Stewardship,,,,,,,,,,,,
f97e18b3-ab8e-4257-9d2c-f71438e4eb25,Attribute,3345d8fb-f1bc-4120-8e49-505d90d43579,RE 17,,,,,,,,,,,,
e389716a-dc1b-4d1a-8d4f-cb17fd979c5f,Group,72acbe3b-db08-40ca-bff7-c96a4a464789,Exit,,,,,,,,,,,,
067cfc48-1760-4f9b-9ed4-d10752427858,Attribute,e389716a-dc1b-4d1a-8d4f-cb17fd979c5f,RE 18,,,,,,,,,,,,
b34e6b54-0fcf-438f-b4ff-249ee6a148b0,Group,48debb3e-05e9-43fa-bbd6-d9d6107b05f3,Reporting/Disclosure,,,,,,,,,,,,
ad180d54-6577-401a-82f9-4b22e7dab074,Group,b34e6b54-0fcf-438f-b4ff-249ee6a148b0,ESG portfolio information,,,,,,,,,,,,
ef79a57f-0fca-4083-aae2-32914b870133,Attribute,ad180d54-6577-401a-82f9-4b22e7dab074,RE 19,,,,,,,,,,,,
fae1f53f-7e3a-48bf-b208-e9036a4d29b2,Object,ef8fc864-9250-4e40-9ed9-ea6ade52fe74,Infrastructure,,,,,,,,,,,,
4910163e-711b-4a52-91ef-913d2950b4be,Group,fae1f53f-7e3a-48bf-b208-e9036a4d29b2,Policy,,,,,,,,,,,,
71f03758-fa7a-41eb-9872-5803305aa04a,Group,4910163e-711b-4a52-91ef-913d2950b4be,Investment guidelines,,,,,,,,,,,,
42d71f9e-8db3-4c43-a640-088430e6c162,Attribute,71f03758-fa7a-41eb-9872-5803305aa04a,INF 1,,,,,,,,,,,,
57cd9abb-d5ed-463d-aa5c-f1cff837df60,Group,fae1f53f-7e3a-48bf-b208-e9036a4d29b2,Fundraising,,,,,,,,,,,,
81c41583-aa68-4715-9f07-3a6b46644014,Group,57cd9abb-d5ed-463d-aa5c-f1cff837df60,Commitments to investors,,,,,,,,,,,,
3fb60f31-72fc-46e7-a912-f53f8562f683,Attribute,81c41583-aa68-4715-9f07-3a6b46644014,INF 2,,,,,,,,,,,,
fe129bb8-cae0-422c-8fda-627ebe44e112,Group,fae1f53f-7e3a-48bf-b208-e9036a4d29b2,Pre-investment phase,,,,,,,,,,,,
23caa8e2-900b-4318-9240-65903d005b0f,Group,fe129bb8-cae0-422c-8fda-627ebe44e112,Materiality analysis,,,,,,,,,,,,
1e975ac8-03f2-4bbf-9bd3-c49ee88827ef,Group,23caa8e2-900b-4318-9240-65903d005b0f,INF 3,,,,,,,,,,,,
04a1df39-f344-4199-acf9-f91742160126,Attribute,1e975ac8-03f2-4bbf-9bd3-c49ee88827ef,INF 3.1,,,,,,,,,,,,
ba0c37eb-a9ba-45fa-81d4-2e40d733a4f4,Group,fe129bb8-cae0-422c-8fda-627ebe44e112,Due diligence,,,,,,,,,,,,
e417d72f-94c3-4238-b80b-be0c50ee3853,Attribute,ba0c37eb-a9ba-45fa-81d4-2e40d733a4f4,INF 4,,,,,,,,,,,,
405f3987-4009-420a-bff5-2b1b5e771893,Attribute,ba0c37eb-a9ba-45fa-81d4-2e40d733a4f4,INF 5,,,,,,,,,,,,
7a579430-dd19-4ad2-9c4c-5b15d82e633f,Group,fae1f53f-7e3a-48bf-b208-e9036a4d29b2,"Selection, appointment and monitoring of third-party operators",,,,,,,,,,,,
5fff26be-d286-4cb9-99db-cad25c624240,Group,7a579430-dd19-4ad2-9c4c-5b15d82e633f,Selection process,,,,,,,,,,,,
fabe6604-96a1-4df3-a95c-6eace2610455,Attribute,5fff26be-d286-4cb9-99db-cad25c624240,INF 6,,,,,,,,,,,,
f521e972-8300-48f3-a382-ab0a6192f27a,Group,7a579430-dd19-4ad2-9c4c-5b15d82e633f,Appointment process,,,,,,,,,,,,
79bc3ada-9012-409e-b15a-455bb58fa741,Attribute,f521e972-8300-48f3-a382-ab0a6192f27a,INF 7,,,,,,,,,,,,
4b919e25-ab58-4b72-8576-01c769e89906,Group,7a579430-dd19-4ad2-9c4c-5b15d82e633f,Monitoring process,,,,,,,,,,,,
3f34747b-31c4-45c1-a1cd-108acbb3649a,Attribute,4b919e25-ab58-4b72-8576-01c769e89906,INF 8,,,,,,,,,,,,
9b0fd2c0-b8b4-49a5-b26a-cd78dfc02f9b,Group,fae1f53f-7e3a-48bf-b208-e9036a4d29b2,Post-investment phase,,,,,,,,,,,,
1bd38b3a-36fc-440e-bfe6-a73815c53948,Group,9b0fd2c0-b8b4-49a5-b26a-cd78dfc02f9b,Monitoring,,,,,,,,,,,,
a58581f9-31c4-49d0-9d90-88fa8fbff3ca,Group,1bd38b3a-36fc-440e-bfe6-a73815c53948,INF 9,,,,,,,,,,,,
1ab80e28-b17a-41fa-a372-c06bdd7af5c4,Attribute,a58581f9-31c4-49d0-9d90-88fa8fbff3ca,INF 9.1,,,,,,,,,,,,
29195822-5cda-4d89-a9d5-e52b15edf86f,Attribute,1bd38b3a-36fc-440e-bfe6-a73815c53948,INF 10,,,,,,,,,,,,
cdb68cd0-2953-407c-b860-4273f7d2e007,Group,1bd38b3a-36fc-440e-bfe6-a73815c53948,INF 11,,,,,,,,,,,,
3f7c818c-a8fb-46fd-9f9c-db34b40fd492,Attribute,cdb68cd0-2953-407c-b860-4273f7d2e007,INF 11.1,,,,,,,,,,,,
06acecaf-96ee-4c9c-bea7-b98b75200cd9,Attribute,1bd38b3a-36fc-440e-bfe6-a73815c53948,INF 12,,,,,,,,,,,,
385d1c3a-7b1e-4b37-b782-a7d2473ecbe8,Attribute,1bd38b3a-36fc-440e-bfe6-a73815c53948,INF 13,,,,,,,,,,,,
593be43c-d3ee-4425-bef5-c247e2bcbbac,Group,1bd38b3a-36fc-440e-bfe6-a73815c53948,INF 14,,,,,,,,,,,,
fe69b47d-9a65-4212-9e5e-426935407a46,Attribute,593be43c-d3ee-4425-bef5-c247e2bcbbac,INF 14.1,,,,,,,,,,,,
60ad2369-702a-42d8-bc95-2ec125eae95e,Group,9b0fd2c0-b8b4-49a5-b26a-cd78dfc02f9b,Exit,,,,,,,,,,,,
763c057b-5880-4d6b-8fad-e7c6083959a6,Attribute,60ad2369-702a-42d8-bc95-2ec125eae95e,INF 15,,,,,,,,,,,,
479d078a-7f8f-485e-b503-1a6daa7923f0,Group,fae1f53f-7e3a-48bf-b208-e9036a4d29b2,Reporting/disclosure,,,,,,,,,,,,
0fb9a34f-c71d-473f-8712-899bd0631f1e,Group,479d078a-7f8f-485e-b503-1a6daa7923f0,ESG portfolio information,,,,,,,,,,,,
ca0551f4-8a87-4985-ba2d-ada7479f3813,Attribute,0fb9a34f-c71d-473f-8712-899bd0631f1e,INF 16,,,,,,,,,,,,
d8140e6a-fe6b-4474-a793-441efa358bc1,Object,ef8fc864-9250-4e40-9ed9-ea6ade52fe74,Private Equity,,,,,,,,,,,,
60cc7b91-542b-4de1-ad4b-29e5dcd37749,Group,d8140e6a-fe6b-4474-a793-441efa358bc1,Policy,,,,,,,,,,,,
9104293b-1aa4-4bcc-b609-c6a504ee9ab8,Group,60cc7b91-542b-4de1-ad4b-29e5dcd37749,Investment guidelines,,,,,,,,,,,,
10a049da-7017-4b40-82db-66849500d8b9,Attribute,9104293b-1aa4-4bcc-b609-c6a504ee9ab8,PE 1,,,,,,,,,,,,
1f5c198b-fb6c-4449-ae6a-04083fb6551f,Group,d8140e6a-fe6b-4474-a793-441efa358bc1,Fundraising,,,,,,,,,,,,
8d8bee6f-443d-4fa2-97ba-9860979c02b6,Group,1f5c198b-fb6c-4449-ae6a-04083fb6551f,Commitments to investors,,,,,,,,,,,,
51732bfa-cfb1-46e6-866a-c80f67295540,Attribute,8d8bee6f-443d-4fa2-97ba-9860979c02b6,PE 2,,,,,,,,,,,,
8d68d1af-6b0e-4b9d-bc25-9e7fa3327cb1,Group,d8140e6a-fe6b-4474-a793-441efa358bc1,Pre-investment phase,,,,,,,,,,,,
d6f933dd-023f-4c73-a522-da3fb59eed56,Group,8d68d1af-6b0e-4b9d-bc25-9e7fa3327cb1,Materiality analysis,,,,,,,,,,,,
1b1a2e89-402b-44df-81ab-acab2aac6704,Group,d6f933dd-023f-4c73-a522-da3fb59eed56,PE 3,,,,,,,,,,,,
2e10bbaa-8a0a-4288-b01b-87621ba639dc,Attribute,1b1a2e89-402b-44df-81ab-acab2aac6704,PE 3.1,,,,,,,,,,,,
b48ec317-03b9-487c-b647-9865ba156b87,Group,8d68d1af-6b0e-4b9d-bc25-9e7fa3327cb1,Due diligence,,,,,,,,,,,,
866526fa-353a-4c56-a25e-537b86c3b282,Attribute,b48ec317-03b9-487c-b647-9865ba156b87,PE 4,,,,,,,,,,,,
4b2a65c7-a1d1-4e9c-9b51-701a4238b874,Attribute,b48ec317-03b9-487c-b647-9865ba156b87,PE 5,,,,,,,,,,,,
fd35dd33-4239-4a27-92d1-9f77e2d3d658,Group,d8140e6a-fe6b-4474-a793-441efa358bc1,Post-investment phase,,,,,,,,,,,,
aa4c92f2-ec92-4660-bc40-934fa5155c2d,Group,fd35dd33-4239-4a27-92d1-9f77e2d3d658,Monitoring,,,,,,,,,,,,
1ba6b89c-4f93-4486-a94b-ef2ca748d1a0,Group,aa4c92f2-ec92-4660-bc40-934fa5155c2d,PE 6,,,,,,,,,,,,
9e9d68f9-7a42-4474-9945-998b43d679af,Attribute,1ba6b89c-4f93-4486-a94b-ef2ca748d1a0,PE 6.1,,,,,,,,,,,,
3ea8b6b1-9bc5-451a-a5e2-4e1deba19e97,Attribute,aa4c92f2-ec92-4660-bc40-934fa5155c2d,PE 7,,,,,,,,,,,,
c4e4f486-cb97-49fa-97b0-2996cb4a5754,Group,aa4c92f2-ec92-4660-bc40-934fa5155c2d,PE 8,,,,,,,,,,,,
46a77f66-8a80-47a5-bbff-42c36e3c0a02,Attribute,c4e4f486-cb97-49fa-97b0-2996cb4a5754,PE 8.1,,,,,,,,,,,,
033a574e-80ab-4783-b239-a6dfbbe7702a,Attribute,aa4c92f2-ec92-4660-bc40-934fa5155c2d,PE 9,,,,,,,,,,,,
799cd3a8-8753-4f21-ae34-2fea6bbaeacd,Attribute,aa4c92f2-ec92-4660-bc40-934fa5155c2d,PE 10,,,,,,,,,,,,
b822cbad-c652-44f3-9def-f9b3c20c69f0,Attribute,aa4c92f2-ec92-4660-bc40-934fa5155c2d,PE 11,,,,,,,,,,,,
eac7a4ea-aa1f-4d2d-a6f4-b222399f8672,Group,aa4c92f2-ec92-4660-bc40-934fa5155c2d,PE 12,,,,,,,,,,,,
e66eb19d-a1eb-41bd-a8c6-a73809e793bf,Attribute,eac7a4ea-aa1f-4d2d-a6f4-b222399f8672,PE 12.1,,,,,,,,,,,,
ace3284d-97d2-487d-89f3-01d56f9164a8,Group,fd35dd33-4239-4a27-92d1-9f77e2d3d658,Exit,,,,,,,,,,,,
6df3a5f3-74af-45e9-887a-6acb732997e2,Attribute,ace3284d-97d2-487d-89f3-01d56f9164a8,PE 13,,,,,,,,,,,,
0fc233f5-437f-4c4b-875d-93cad629b8e1,Group,d8140e6a-fe6b-4474-a793-441efa358bc1,Reporting/Disclosure,,,,,,,,,,,,
1bd98ad5-43d4-4780-978b-3299fac5c998,Group,0fc233f5-437f-4c4b-875d-93cad629b8e1,ESG portfolio information,,,,,,,,,,,,
948d6ffd-dbc5-4d85-9ba5-393816e27970,Attribute,1bd98ad5-43d4-4780-978b-3299fac5c998,PE 14,,,,,,,,,,,,
4f53e9ad-c5b9-4dc7-bf61-04e96c1e9e0c,Object,ef8fc864-9250-4e40-9ed9-ea6ade52fe74,Hedge Funds,,,,,,,,,,,,
79d2ab75-dd14-40f6-8250-335975751ed8,Group,4f53e9ad-c5b9-4dc7-bf61-04e96c1e9e0c,Policy,,,,,,,,,,,,
2ebe412f-d1d9-49fd-9dc6-cf92faa9669e,Group,79d2ab75-dd14-40f6-8250-335975751ed8,Investment guidelines,,,,,,,,,,,,
e775a40b-f717-4677-80f1-7ad16ee1a7c2,Attribute,2ebe412f-d1d9-49fd-9dc6-cf92faa9669e,HF 1,,,,,,,,,,,,
192d5075-ca7b-44ef-b60e-d785c48b4d97,Group,4f53e9ad-c5b9-4dc7-bf61-04e96c1e9e0c,Pre-investment phase,,,,,,,,,,,,
2da4cd3c-58c2-4b9f-bccc-cf2a8cb211e2,Group,192d5075-ca7b-44ef-b60e-d785c48b4d97,Materiality analysis,,,,,,,,,,,,
a0c48bda-0a07-4562-9ea7-70c3e72c84ad,Group,2da4cd3c-58c2-4b9f-bccc-cf2a8cb211e2,HF 2,,,,,,,,,,,,
f1502988-3f32-442e-934a-1d99fcc7003c,Attribute,a0c48bda-0a07-4562-9ea7-70c3e72c84ad,HF 2.1,,,,,,,,,,,,
752f84f2-e31c-4774-bfcf-85b258d730bd,Group,192d5075-ca7b-44ef-b60e-d785c48b4d97,Long-term ESG trend analysis,,,,,,,,,,,,
5d818b94-b47e-45c5-af73-d93907426756,Group,752f84f2-e31c-4774-bfcf-85b258d730bd,HF 3,,,,,,,,,,,,
49644e58-ffe4-4bb5-ad24-69c809198bb9,Attribute,5d818b94-b47e-45c5-af73-d93907426756,HF 3.1,,,,,,,,,,,,
d752c079-6782-45b4-9bd3-6fb0e4685b06,Group,192d5075-ca7b-44ef-b60e-d785c48b4d97,ESG incorporation,,,,,,,,,,,,
0e297fc5-e524-4289-8ffa-76b9d3c2a272,Group,d752c079-6782-45b4-9bd3-6fb0e4685b06,HF 4,,,,,,,,,,,,
3dec876c-3a94-4274-af04-bdeefcc6a23d,Attribute,0e297fc5-e524-4289-8ffa-76b9d3c2a272,HF 4.1,,,,,,,,,,,,
28c0252b-560e-40bc-a026-0aa94eaf1627,Attribute,d752c079-6782-45b4-9bd3-6fb0e4685b06,HF 5,,,,,,,,,,,,
b49e1d92-f3e0-4f77-9761-2c0b1d5523e2,Group,192d5075-ca7b-44ef-b60e-d785c48b4d97,ESG incorporation in portfolio construction,,,,,,,,,,,,
73aae78e-bcf6-40be-bb39-43c342f1153e,Group,b49e1d92-f3e0-4f77-9761-2c0b1d5523e2,HF 6,,,,,,,,,,,,
baf5b8dc-4d9c-4743-a0fc-b8adf0540efa,Attribute,73aae78e-bcf6-40be-bb39-43c342f1153e,HF 6.1,,,,,,,,,,,,
2d861f99-26d4-4286-a7b7-aed0bb7b38fe,Attribute,b49e1d92-f3e0-4f77-9761-2c0b1d5523e2,HF 7,,,,,,,,,,,,
01fe1d9c-2878-48fe-ad25-a19dd92741d2,Attribute,b49e1d92-f3e0-4f77-9761-2c0b1d5523e2,HF 8,,,,,,,,,,,,
8426b6ae-1016-44be-8e65-5bfb4d9ccbd4,Group,4f53e9ad-c5b9-4dc7-bf61-04e96c1e9e0c,Post-investment phase,,,,,,,,,,,,
491d352f-9fc5-48cd-ab4f-dd014d33e51a,Group,8426b6ae-1016-44be-8e65-5bfb4d9ccbd4,ESG incorporation in portfolio construction,,,,,,,,,,,,
7fa57c50-453e-49fd-afa9-7eaa63e0f0bc,Attribute,491d352f-9fc5-48cd-ab4f-dd014d33e51a,HF 9,,,,,,,,,,,,
26f9f95f-96d2-47c7-94c3-c39c4a21a0b0,Group,8426b6ae-1016-44be-8e65-5bfb4d9ccbd4,ESG risk management,,,,,,,,,,,,
ee6aeb2f-4765-47c3-ab27-ecd31eebe508,Attribute,26f9f95f-96d2-47c7-94c3-c39c4a21a0b0,HF 10,,,,,,,,,,,,
b595ae41-b6cf-4e5a-b932-75e90fa01c16,Attribute,26f9f95f-96d2-47c7-94c3-c39c4a21a0b0,HF 11,,,,,,,,,,,,
1e293f89-db15-4f6d-acbb-88ce7a67a56f,Attribute,26f9f95f-96d2-47c7-94c3-c39c4a21a0b0,HF 12,,,,,,,,,,,,
b7acc19e-2ab9-44bf-94b4-d098b5eec50d,Group,4f53e9ad-c5b9-4dc7-bf61-04e96c1e9e0c,Reporting/Disclosure,,,,,,,,,,,,
da8ff00c-8acd-4e62-94f1-212bbdc80e24,Group,b7acc19e-2ab9-44bf-94b4-d098b5eec50d,Disclosure on ESG products,,,,,,,,,,,,
20ac48ab-29a6-4b6a-8791-31d3490a3fe0,Attribute,da8ff00c-8acd-4e62-94f1-212bbdc80e24,HF 13,,,,,,,,,,,,
8ab76ad4-1fec-424b-82e6-cf56d0983321,Group,b7acc19e-2ab9-44bf-94b4-d098b5eec50d,ESG incorporation in portfolio construction,,,,,,,,,,,,
557f4978-8507-4f3c-9c7e-042b6ef1754e,Attribute,8ab76ad4-1fec-424b-82e6-cf56d0983321,HF 14,,,,,,,,,,,,
8719498d-8da3-4c3b-b8ad-61457ae8c01b,Group,4f53e9ad-c5b9-4dc7-bf61-04e96c1e9e0c,Stewardship,,,,,,,,,,,,
4b9ab85f-f6bf-422b-9e06-8fd76cfaed85,Group,8719498d-8da3-4c3b-b8ad-61457ae8c01b,Example,,,,,,,,,,,,
f7a84db2-8dcc-4627-9529-43e05a4348cf,Attribute,4b9ab85f-f6bf-422b-9e06-8fd76cfaed85,HF 15,,,,,,,,,,,,
87f7f874-60dc-448c-a965-0d81ca81b15f,Group,8719498d-8da3-4c3b-b8ad-61457ae8c01b,Security lending policy,,,,,,,,,,,,
7e3af3e7-dedb-442e-a6be-4e5b732201b5,Group,87f7f874-60dc-448c-a965-0d81ca81b15f,HF 16,,,,,,,,,,,,
b55f125d-fe86-421f-a746-b74cc9bc4a3f,Attribute,7e3af3e7-dedb-442e-a6be-4e5b732201b5,HF 16.1,,,,,,,,,,,,
9bbcd1f8-2e2a-4aa1-8231-74e6b8abc1cf,Group,8719498d-8da3-4c3b-b8ad-61457ae8c01b,Alignment & effectiveness,,,,,,,,,,,,
dca495ce-11bd-4c1a-87ff-e5cbb8efb272,Attribute,9bbcd1f8-2e2a-4aa1-8231-74e6b8abc1cf,HF 17,,,,,,,,,,,,
b012ca76-c75f-4bf4-a49c-eb5b5244f449,Group,8719498d-8da3-4c3b-b8ad-61457ae8c01b,Examples,,,,,,,,,,,,
c810b3b0-2b0b-4e8e-87fb-ec292d17a626,Attribute,b012ca76-c75f-4bf4-a49c-eb5b5244f449,HF 18,,,,,,,,,,,,
27e0baf6-0e4f-40c8-b146-791c5c10b176,Group,8719498d-8da3-4c3b-b8ad-61457ae8c01b,Pre-declaration of votes,,,,,,,,,,,,
801e4045-f93c-443a-9dc0-ba4dc6bdced3,Attribute,27e0baf6-0e4f-40c8-b146-791c5c10b176,HF 19,,,,,,,,,,,,
817f41b3-3934-44b3-a90d-5f1268708c5e,Group,8719498d-8da3-4c3b-b8ad-61457ae8c01b,Voting disclosure post AGM/EGM,,,,,,,,,,,,
624932d3-9754-4a79-9024-e9a1c4d0aa81,Group,817f41b3-3934-44b3-a90d-5f1268708c5e,HF 20,,,,,,,,,,,,
744f9418-57dd-47b9-8eca-74675e69646e,Attribute,624932d3-9754-4a79-9024-e9a1c4d0aa81,HF 20.1,,,,,,,,,,,,
b0fb17db-d5e7-4a6b-868b-55ad927fbef7,Group,817f41b3-3934-44b3-a90d-5f1268708c5e,HF 21,,,,,,,,,,,,
3908601d-8230-42bf-8c03-fbeada258bcc,Attribute,b0fb17db-d5e7-4a6b-868b-55ad927fbef7,HF 21.1,,,,,,,,,,,,
b82e17c9-abd7-4f97-86ac-e80f6786915d,Group,817f41b3-3934-44b3-a90d-5f1268708c5e,HF 22,,,,,,,,,,,,
5e91bddb-c7f3-4734-9152-e2d0409dbad7,Attribute,b82e17c9-abd7-4f97-86ac-e80f6786915d,HF 22.1,,,,,,,,,,,,
084d18d3-d67d-40fb-a7d7-3d1782997416,Object,ef8fc864-9250-4e40-9ed9-ea6ade52fe74,Sustainability Outcomes,,,,,,,,,,,,
74f60e78-b877-459e-99c5-516b2a80721c,Group,084d18d3-d67d-40fb-a7d7-3d1782997416,Set targets on sustainability outcomes,,,,,,,,,,,,
f7ac305c-b297-40fe-8828-2dcd6537170e,Group,74f60e78-b877-459e-99c5-516b2a80721c,Outcome objectives,,,,,,,,,,,,
c9ce91ac-9c42-4b84-b8ee-2e262db59fa8,Group,f7ac305c-b297-40fe-8828-2dcd6537170e,SO 1,,,,,,,,,,,,
b5bdd586-6d72-4853-8be9-504db80b93ac,Attribute,c9ce91ac-9c42-4b84-b8ee-2e262db59fa8,SO 1.1,,,,,,,,,,,,
bf3d9927-216c-4e79-84e1-29a15318f3df,Attribute,f7ac305c-b297-40fe-8828-2dcd6537170e,SO 2,,,,,,,,,,,,
68a62e04-2164-47b1-9c6a-2b7b41e6a61b,Group,74f60e78-b877-459e-99c5-516b2a80721c,Target-setting process,,,,,,,,,,,,
2be90de0-3cc1-43ca-bf65-c413cfd06301,Group,68a62e04-2164-47b1-9c6a-2b7b41e6a61b,SO 3,,,,,,,,,,,,
bcd6e4e4-e236-44d4-9213-6fba943551c7,Attribute,2be90de0-3cc1-43ca-bf65-c413cfd06301,SO 3.1,,,,,,,,,,,,
53fa1a09-18bc-4982-a88e-d465be4790e4,Attribute,68a62e04-2164-47b1-9c6a-2b7b41e6a61b,SO 4,,,,,,,,,,,,
c33bceb3-3083-4e04-9221-e433e555d643,Group,74f60e78-b877-459e-99c5-516b2a80721c,Tracking progress,,,,,,,,,,,,
0b5ba43c-62b1-437b-b208-d44827fc77ea,Group,c33bceb3-3083-4e04-9221-e433e555d643,SO 5,,,,,,,,,,,,
68355d0b-6ff4-4566-8b09-ccc3e32fabe7,Attribute,0b5ba43c-62b1-437b-b208-d44827fc77ea,SO 5.1,,,,,,,,,,,,
3b5366f5-02af-4656-8258-b76996bf8e91,Attribute,0b5ba43c-62b1-437b-b208-d44827fc77ea,SO 5.2,,,,,,,,,,,,
d9e17775-6f99-46b4-9e31-4a1052dfde0c,Group,c33bceb3-3083-4e04-9221-e433e555d643,SO 6,,,,,,,,,,,,
bcef3040-422f-4041-b920-2db75df6309b,Attribute,d9e17775-6f99-46b4-9e31-4a1052dfde0c,SO 6.1,,,,,,,,,,,,
6e022daf-9e03-4524-b50d-520dbeb157f3,Group,084d18d3-d67d-40fb-a7d7-3d1782997416,Investors' individual and collective actions shape outcomes,,,,,,,,,,,,
580d2d18-7726-4d95-ac75-587a57d625e6,Group,6e022daf-9e03-4524-b50d-520dbeb157f3,Levers for shaping outcomes,,,,,,,,,,,,
acc19a12-6fd1-4192-9ea7-0ea3eb173efc,Group,580d2d18-7726-4d95-ac75-587a57d625e6,SO 7,,,,,,,,,,,,
cb419586-c686-4e7b-aed2-1c932b087c1d,Attribute,acc19a12-6fd1-4192-9ea7-0ea3eb173efc,SO 7.1,,,,,,,,,,,,
a23fc4b3-cc72-42bc-a664-df1b2092fb69,Group,6e022daf-9e03-4524-b50d-520dbeb157f3,Asset allocation,,,,,,,,,,,,
a4d7fd1a-173a-42e9-912f-67f774de8923,Attribute,a23fc4b3-cc72-42bc-a664-df1b2092fb69,SO 8,,,,,,,,,,,,
6634345d-90b5-45b9-9795-eeba8019be50,Attribute,a23fc4b3-cc72-42bc-a664-df1b2092fb69,SO 9,,,,,,,,,,,,
f44f7d9c-dc35-44f7-8bb2-073d3be6e8ff,Attribute,a23fc4b3-cc72-42bc-a664-df1b2092fb69,SO 10,,,,,,,,,,,,
7c2c719b-6278-43f6-8fb6-73040c8b43b4,Group,6e022daf-9e03-4524-b50d-520dbeb157f3,Investee engagement including voting,,,,,,,,,,,,
d6a990cf-5d64-44cd-ba8f-6bfa67f93ea5,Attribute,7c2c719b-6278-43f6-8fb6-73040c8b43b4,SO 11,,,,,,,,,,,,
facbc986-1902-43e9-acee-3cc95ba6bed6,Attribute,7c2c719b-6278-43f6-8fb6-73040c8b43b4,SO 12,,,,,,,,,,,,
b3df5df2-9941-44fd-8c3a-0c30d27e9bdb,Attribute,7c2c719b-6278-43f6-8fb6-73040c8b43b4,SO 13,,,,,,,,,,,,
f2a0bef0-9a0b-4084-9d5b-cab12ad56c2e,Attribute,7c2c719b-6278-43f6-8fb6-73040c8b43b4,SO 14,,,,,,,,,,,,
511b6e48-5ed4-4565-9d0a-691d1f6a91eb,Attribute,7c2c719b-6278-43f6-8fb6-73040c8b43b4,SO 15,,,,,,,,,,,,
6fdd014b-ef48-446e-a39e-635ad7e2ca37,Group,7c2c719b-6278-43f6-8fb6-73040c8b43b4,SO 16,,,,,,,,,,,,
000e5a3c-25b2-433e-9f48-3f0c09a22fd8,Attribute,6fdd014b-ef48-446e-a39e-635ad7e2ca37,SO 16.1,,,,,,,,,,,,
e128aa90-b429-4525-ab66-85657dbd17cd,Group,6e022daf-9e03-4524-b50d-520dbeb157f3,Systemic stewardship including policy engagement,,,,,,,,,,,,
9c581b09-0be3-402b-81bb-3e9704e38c9b,Attribute,e128aa90-b429-4525-ab66-85657dbd17cd,SO 17,,,,,,,,,,,,
cbe59f68-169f-4832-a9df-9ce4f49d43ec,Attribute,e128aa90-b429-4525-ab66-85657dbd17cd,SO 18,,,,,,,,,,,,
5f69c02a-ffeb-4075-abe0-6bdbac58aa80,Attribute,e128aa90-b429-4525-ab66-85657dbd17cd,SO 19,,,,,,,,,,,,
1da88330-6fa6-4fc1-9707-e0435f8f2285,Attribute,e128aa90-b429-4525-ab66-85657dbd17cd,SO 20,,,,,,,,,,,,
b27bc76e-c703-4f60-928b-a4783f43cb7c,Attribute,e128aa90-b429-4525-ab66-85657dbd17cd,SO 21,,,,,,,,,,,,
c6a61a83-06be-4603-8b09-dd2b69ec6588,Group,e128aa90-b429-4525-ab66-85657dbd17cd,SO 22,,,,,,,,,,,,
c14765a2-20b3-4d67-9a2c-6b451d944a7b,Attribute,c6a61a83-06be-4603-8b09-dd2b69ec6588,SO 22.1,,,,,,,,,,,,
3c172b73-b24b-4074-b343-51d9e9351818,Group,084d18d3-d67d-40fb-a7d7-3d1782997416,Global stakeholders collaborate to achieve outcomes,,,,,,,,,,,,
5c84b4f0-aead-4f02-8d12-c6705ec02b9d,Group,3c172b73-b24b-4074-b343-51d9e9351818,Tracking progress against global goals,,,,,,,,,,,,
bb99153f-c97c-42c4-a955-553798825be3,Attribute,5c84b4f0-aead-4f02-8d12-c6705ec02b9d,SO 23,,,,,,,,,,,,
7d9e449a-5e95-49cb-8dbf-c164637fcf0b,Attribute,5c84b4f0-aead-4f02-8d12-c6705ec02b9d,SO 24,,,,,,,,,,,,